INSERT INTO categories (id,name,slug,sort_order) VALUES ('79286632-720c-4264-bb2c-6b7d53e17377','Electronics','electronics',0) ON CONFLICT (id) DO NOTHING;
INSERT INTO categories (id,name,slug,sort_order) VALUES ('567fd9f2-6568-4a8c-95e7-de16840f534e','Fashion','fashion',1) ON CONFLICT (id) DO NOTHING;
INSERT INTO categories (id,name,slug,sort_order) VALUES ('cf680d8b-8552-41d5-89bd-c88ffd7a6eb7','Home & Kitchen','home-kitchen',2) ON CONFLICT (id) DO NOTHING;
INSERT INTO categories (id,name,slug,sort_order) VALUES ('84af6ba0-b0d3-4253-aae9-4930d1b1ddc7','Beauty','beauty',3) ON CONFLICT (id) DO NOTHING;
INSERT INTO categories (id,name,slug,sort_order) VALUES ('e3a572bb-d061-44ed-b1c9-521ed055bd54','Sports','sports',4) ON CONFLICT (id) DO NOTHING;
INSERT INTO categories (id,name,slug,sort_order) VALUES ('5ea4e7e4-94d3-4678-baef-cfd12e444fb7','Books','books',5) ON CONFLICT (id) DO NOTHING;
INSERT INTO categories (id,name,slug,sort_order) VALUES ('f7417bb2-b1df-4731-ae40-7beb2931f36f','Toys','toys',6) ON CONFLICT (id) DO NOTHING;
INSERT INTO categories (id,name,slug,sort_order) VALUES ('b4a8423b-c293-46ac-bcb7-afcc83bf6bcb','Grocery','grocery',7) ON CONFLICT (id) DO NOTHING;
INSERT INTO categories (id,name,slug,sort_order) VALUES ('f186ef84-36e7-4e99-8fb4-5bc0a839b689','Automotive','automotive',8) ON CONFLICT (id) DO NOTHING;
INSERT INTO categories (id,name,slug,sort_order) VALUES ('1954e3c2-73f7-44e7-a1cb-42ca1cb9b2ad','Health','health',9) ON CONFLICT (id) DO NOTHING;
INSERT INTO categories (id,name,slug,sort_order) VALUES ('88f6c1ff-ff05-4d58-9dbf-a813e3200895','Garden','garden',10) ON CONFLICT (id) DO NOTHING;
INSERT INTO categories (id,name,slug,sort_order) VALUES ('b71b7805-5016-4880-a871-94387b5556f1','Pet Supplies','pet-supplies',11) ON CONFLICT (id) DO NOTHING;
INSERT INTO auth.users (id, instance_id, aud, role, email, encrypted_password, email_confirmed_at, raw_app_meta_data, raw_user_meta_data, created_at, updated_at, confirmation_token, email_change, email_change_token_new, recovery_token) VALUES ('5d34c408-427a-47e6-ad11-f31448b7af48','00000000-0000-0000-0000-000000000000','authenticated','authenticated','aurora.tech@ejada.test',crypt('Demo@12345', gen_salt('bf')), now(), '{"provider":"email","providers":["email"]}'::jsonb, '{"full_name":"Aurora Tech"}'::jsonb, now() - interval '328 days', now(), '', '', '', '');
INSERT INTO auth.identities (id, user_id, identity_data, provider, provider_id, last_sign_in_at, created_at, updated_at) VALUES (gen_random_uuid(),'5d34c408-427a-47e6-ad11-f31448b7af48','{"sub":"5d34c408-427a-47e6-ad11-f31448b7af48","email":"aurora.tech@ejada.test"}'::jsonb,'email','5d34c408-427a-47e6-ad11-f31448b7af48', now(), now(), now());
INSERT INTO profiles (id,full_name,country,status,last_login) VALUES ('5d34c408-427a-47e6-ad11-f31448b7af48','Aurora Tech','US','active', now() - interval '3 days') ON CONFLICT (id) DO NOTHING;
INSERT INTO user_roles (user_id, role) VALUES ('5d34c408-427a-47e6-ad11-f31448b7af48','seller') ON CONFLICT DO NOTHING;
INSERT INTO seller_profiles (user_id,store_name,business_name,tax_id,address,kyc_status,approval_status,commission_rate,payout_balance,total_revenue,rating) VALUES ('5d34c408-427a-47e6-ad11-f31448b7af48','Aurora Tech','Aurora Tech LLC','TX-98696','768 Market St, US','verified','approved',8,1447.64,6875.81,4.05);
INSERT INTO auth.users (id, instance_id, aud, role, email, encrypted_password, email_confirmed_at, raw_app_meta_data, raw_user_meta_data, created_at, updated_at, confirmation_token, email_change, email_change_token_new, recovery_token) VALUES ('b59782da-fd23-4226-8e44-a37d485d26c5','00000000-0000-0000-0000-000000000000','authenticated','authenticated','nordic@ejada.test',crypt('Demo@12345', gen_salt('bf')), now(), '{"provider":"email","providers":["email"]}'::jsonb, '{"full_name":"Nordic Goods"}'::jsonb, now() - interval '303 days', now(), '', '', '', '');
INSERT INTO auth.identities (id, user_id, identity_data, provider, provider_id, last_sign_in_at, created_at, updated_at) VALUES (gen_random_uuid(),'b59782da-fd23-4226-8e44-a37d485d26c5','{"sub":"b59782da-fd23-4226-8e44-a37d485d26c5","email":"nordic@ejada.test"}'::jsonb,'email','b59782da-fd23-4226-8e44-a37d485d26c5', now(), now(), now());
INSERT INTO profiles (id,full_name,country,status,last_login) VALUES ('b59782da-fd23-4226-8e44-a37d485d26c5','Nordic Goods','DE','active', now() - interval '13 days') ON CONFLICT (id) DO NOTHING;
INSERT INTO user_roles (user_id, role) VALUES ('b59782da-fd23-4226-8e44-a37d485d26c5','seller') ON CONFLICT DO NOTHING;
INSERT INTO seller_profiles (user_id,store_name,business_name,tax_id,address,kyc_status,approval_status,commission_rate,payout_balance,total_revenue,rating) VALUES ('b59782da-fd23-4226-8e44-a37d485d26c5','Nordic Goods','Nordic Goods LLC','TX-83563','213 Market St, DE','verified','approved',15,559.11,7383.7,4.06);
INSERT INTO auth.users (id, instance_id, aud, role, email, encrypted_password, email_confirmed_at, raw_app_meta_data, raw_user_meta_data, created_at, updated_at, confirmation_token, email_change, email_change_token_new, recovery_token) VALUES ('2beaf4c9-4dcc-4e16-97e9-ec8a231a9afb','00000000-0000-0000-0000-000000000000','authenticated','authenticated','sahara@ejada.test',crypt('Demo@12345', gen_salt('bf')), now(), '{"provider":"email","providers":["email"]}'::jsonb, '{"full_name":"Sahara Bazaar"}'::jsonb, now() - interval '113 days', now(), '', '', '', '');
INSERT INTO auth.identities (id, user_id, identity_data, provider, provider_id, last_sign_in_at, created_at, updated_at) VALUES (gen_random_uuid(),'2beaf4c9-4dcc-4e16-97e9-ec8a231a9afb','{"sub":"2beaf4c9-4dcc-4e16-97e9-ec8a231a9afb","email":"sahara@ejada.test"}'::jsonb,'email','2beaf4c9-4dcc-4e16-97e9-ec8a231a9afb', now(), now(), now());
INSERT INTO profiles (id,full_name,country,status,last_login) VALUES ('2beaf4c9-4dcc-4e16-97e9-ec8a231a9afb','Sahara Bazaar','JP','active', now() - interval '14 days') ON CONFLICT (id) DO NOTHING;
INSERT INTO user_roles (user_id, role) VALUES ('2beaf4c9-4dcc-4e16-97e9-ec8a231a9afb','seller') ON CONFLICT DO NOTHING;
INSERT INTO seller_profiles (user_id,store_name,business_name,tax_id,address,kyc_status,approval_status,commission_rate,payout_balance,total_revenue,rating) VALUES ('2beaf4c9-4dcc-4e16-97e9-ec8a231a9afb','Sahara Bazaar','Sahara Bazaar LLC','TX-65392','358 Market St, JP','verified','approved',12,4066.21,49194.93,3.81);
INSERT INTO auth.users (id, instance_id, aud, role, email, encrypted_password, email_confirmed_at, raw_app_meta_data, raw_user_meta_data, created_at, updated_at, confirmation_token, email_change, email_change_token_new, recovery_token) VALUES ('ab95a0d4-23e7-4643-86fb-f67ec1ea7e1c','00000000-0000-0000-0000-000000000000','authenticated','authenticated','kyoto@ejada.test',crypt('Demo@12345', gen_salt('bf')), now(), '{"provider":"email","providers":["email"]}'::jsonb, '{"full_name":"Kyoto Living"}'::jsonb, now() - interval '80 days', now(), '', '', '', '');
INSERT INTO auth.identities (id, user_id, identity_data, provider, provider_id, last_sign_in_at, created_at, updated_at) VALUES (gen_random_uuid(),'ab95a0d4-23e7-4643-86fb-f67ec1ea7e1c','{"sub":"ab95a0d4-23e7-4643-86fb-f67ec1ea7e1c","email":"kyoto@ejada.test"}'::jsonb,'email','ab95a0d4-23e7-4643-86fb-f67ec1ea7e1c', now(), now(), now());
INSERT INTO profiles (id,full_name,country,status,last_login) VALUES ('ab95a0d4-23e7-4643-86fb-f67ec1ea7e1c','Kyoto Living','AE','active', now() - interval '6 days') ON CONFLICT (id) DO NOTHING;
INSERT INTO user_roles (user_id, role) VALUES ('ab95a0d4-23e7-4643-86fb-f67ec1ea7e1c','seller') ON CONFLICT DO NOTHING;
INSERT INTO seller_profiles (user_id,store_name,business_name,tax_id,address,kyc_status,approval_status,commission_rate,payout_balance,total_revenue,rating) VALUES ('ab95a0d4-23e7-4643-86fb-f67ec1ea7e1c','Kyoto Living','Kyoto Living LLC','TX-57052','877 Market St, AE','verified','approved',12,1749.31,76790.98,3.9);
INSERT INTO auth.users (id, instance_id, aud, role, email, encrypted_password, email_confirmed_at, raw_app_meta_data, raw_user_meta_data, created_at, updated_at, confirmation_token, email_change, email_change_token_new, recovery_token) VALUES ('3e12fc01-7999-4048-80df-6a0086af48eb','00000000-0000-0000-0000-000000000000','authenticated','authenticated','pacific@ejada.test',crypt('Demo@12345', gen_salt('bf')), now(), '{"provider":"email","providers":["email"]}'::jsonb, '{"full_name":"Pacific Outfitters"}'::jsonb, now() - interval '310 days', now(), '', '', '', '');
INSERT INTO auth.identities (id, user_id, identity_data, provider, provider_id, last_sign_in_at, created_at, updated_at) VALUES (gen_random_uuid(),'3e12fc01-7999-4048-80df-6a0086af48eb','{"sub":"3e12fc01-7999-4048-80df-6a0086af48eb","email":"pacific@ejada.test"}'::jsonb,'email','3e12fc01-7999-4048-80df-6a0086af48eb', now(), now(), now());
INSERT INTO profiles (id,full_name,country,status,last_login) VALUES ('3e12fc01-7999-4048-80df-6a0086af48eb','Pacific Outfitters','FR','active', now() - interval '8 days') ON CONFLICT (id) DO NOTHING;
INSERT INTO user_roles (user_id, role) VALUES ('3e12fc01-7999-4048-80df-6a0086af48eb','seller') ON CONFLICT DO NOTHING;
INSERT INTO seller_profiles (user_id,store_name,business_name,tax_id,address,kyc_status,approval_status,commission_rate,payout_balance,total_revenue,rating) VALUES ('3e12fc01-7999-4048-80df-6a0086af48eb','Pacific Outfitters','Pacific Outfitters LLC','TX-82357','310 Market St, FR','submitted','pending',12,3675.69,65534.62,4.39);
INSERT INTO auth.users (id, instance_id, aud, role, email, encrypted_password, email_confirmed_at, raw_app_meta_data, raw_user_meta_data, created_at, updated_at, confirmation_token, email_change, email_change_token_new, recovery_token) VALUES ('36f73885-6b52-4004-9b1d-64485f2176d8','00000000-0000-0000-0000-000000000000','authenticated','authenticated','vienna@ejada.test',crypt('Demo@12345', gen_salt('bf')), now(), '{"provider":"email","providers":["email"]}'::jsonb, '{"full_name":"Vienna Beauty"}'::jsonb, now() - interval '296 days', now(), '', '', '', '');
INSERT INTO auth.identities (id, user_id, identity_data, provider, provider_id, last_sign_in_at, created_at, updated_at) VALUES (gen_random_uuid(),'36f73885-6b52-4004-9b1d-64485f2176d8','{"sub":"36f73885-6b52-4004-9b1d-64485f2176d8","email":"vienna@ejada.test"}'::jsonb,'email','36f73885-6b52-4004-9b1d-64485f2176d8', now(), now(), now());
INSERT INTO profiles (id,full_name,country,status,last_login) VALUES ('36f73885-6b52-4004-9b1d-64485f2176d8','Vienna Beauty','UK','active', now() - interval '6 days') ON CONFLICT (id) DO NOTHING;
INSERT INTO user_roles (user_id, role) VALUES ('36f73885-6b52-4004-9b1d-64485f2176d8','seller') ON CONFLICT DO NOTHING;
INSERT INTO seller_profiles (user_id,store_name,business_name,tax_id,address,kyc_status,approval_status,commission_rate,payout_balance,total_revenue,rating) VALUES ('36f73885-6b52-4004-9b1d-64485f2176d8','Vienna Beauty','Vienna Beauty LLC','TX-20458','885 Market St, UK','verified','approved',10,324.54,57842.89,4.05);
INSERT INTO auth.users (id, instance_id, aud, role, email, encrypted_password, email_confirmed_at, raw_app_meta_data, raw_user_meta_data, created_at, updated_at, confirmation_token, email_change, email_change_token_new, recovery_token) VALUES ('9e80fdb4-88aa-4a87-adaf-a9cb23282919','00000000-0000-0000-0000-000000000000','authenticated','authenticated','berlin@ejada.test',crypt('Demo@12345', gen_salt('bf')), now(), '{"provider":"email","providers":["email"]}'::jsonb, '{"full_name":"Berlin Books"}'::jsonb, now() - interval '52 days', now(), '', '', '', '');
INSERT INTO auth.identities (id, user_id, identity_data, provider, provider_id, last_sign_in_at, created_at, updated_at) VALUES (gen_random_uuid(),'9e80fdb4-88aa-4a87-adaf-a9cb23282919','{"sub":"9e80fdb4-88aa-4a87-adaf-a9cb23282919","email":"berlin@ejada.test"}'::jsonb,'email','9e80fdb4-88aa-4a87-adaf-a9cb23282919', now(), now(), now());
INSERT INTO profiles (id,full_name,country,status,last_login) VALUES ('9e80fdb4-88aa-4a87-adaf-a9cb23282919','Berlin Books','SE','active', now() - interval '12 days') ON CONFLICT (id) DO NOTHING;
INSERT INTO user_roles (user_id, role) VALUES ('9e80fdb4-88aa-4a87-adaf-a9cb23282919','seller') ON CONFLICT DO NOTHING;
INSERT INTO seller_profiles (user_id,store_name,business_name,tax_id,address,kyc_status,approval_status,commission_rate,payout_balance,total_revenue,rating) VALUES ('9e80fdb4-88aa-4a87-adaf-a9cb23282919','Berlin Books','Berlin Books LLC','TX-56566','224 Market St, SE','verified','approved',12,3214.85,25848.02,4.2);
INSERT INTO auth.users (id, instance_id, aud, role, email, encrypted_password, email_confirmed_at, raw_app_meta_data, raw_user_meta_data, created_at, updated_at, confirmation_token, email_change, email_change_token_new, recovery_token) VALUES ('27cc7b6b-164e-4cb7-8683-58f2ebba3aee','00000000-0000-0000-0000-000000000000','authenticated','authenticated','madrid@ejada.test',crypt('Demo@12345', gen_salt('bf')), now(), '{"provider":"email","providers":["email"]}'::jsonb, '{"full_name":"Madrid Motors"}'::jsonb, now() - interval '360 days', now(), '', '', '', '');
INSERT INTO auth.identities (id, user_id, identity_data, provider, provider_id, last_sign_in_at, created_at, updated_at) VALUES (gen_random_uuid(),'27cc7b6b-164e-4cb7-8683-58f2ebba3aee','{"sub":"27cc7b6b-164e-4cb7-8683-58f2ebba3aee","email":"madrid@ejada.test"}'::jsonb,'email','27cc7b6b-164e-4cb7-8683-58f2ebba3aee', now(), now(), now());
INSERT INTO profiles (id,full_name,country,status,last_login) VALUES ('27cc7b6b-164e-4cb7-8683-58f2ebba3aee','Madrid Motors','ES','active', now() - interval '29 days') ON CONFLICT (id) DO NOTHING;
INSERT INTO user_roles (user_id, role) VALUES ('27cc7b6b-164e-4cb7-8683-58f2ebba3aee','seller') ON CONFLICT DO NOTHING;
INSERT INTO seller_profiles (user_id,store_name,business_name,tax_id,address,kyc_status,approval_status,commission_rate,payout_balance,total_revenue,rating) VALUES ('27cc7b6b-164e-4cb7-8683-58f2ebba3aee','Madrid Motors','Madrid Motors LLC','TX-31417','483 Market St, ES','verified','approved',15,449.87,56266.07,4.5);
INSERT INTO auth.users (id, instance_id, aud, role, email, encrypted_password, email_confirmed_at, raw_app_meta_data, raw_user_meta_data, created_at, updated_at, confirmation_token, email_change, email_change_token_new, recovery_token) VALUES ('da346bbe-af09-4201-8b17-def3c40ed4e2','00000000-0000-0000-0000-000000000000','authenticated','authenticated','liam.smith@example.com',crypt('Demo@12345', gen_salt('bf')), now(), '{"provider":"email","providers":["email"]}'::jsonb, '{"full_name":"Liam Smith"}'::jsonb, now() - interval '139 days', now(), '', '', '', '');
INSERT INTO auth.identities (id, user_id, identity_data, provider, provider_id, last_sign_in_at, created_at, updated_at) VALUES (gen_random_uuid(),'da346bbe-af09-4201-8b17-def3c40ed4e2','{"sub":"da346bbe-af09-4201-8b17-def3c40ed4e2","email":"liam.smith@example.com"}'::jsonb,'email','da346bbe-af09-4201-8b17-def3c40ed4e2', now(), now(), now());
INSERT INTO profiles (id,full_name,country,status,last_login) VALUES ('da346bbe-af09-4201-8b17-def3c40ed4e2','Liam Smith','UK','active', now() - interval '53 days') ON CONFLICT (id) DO NOTHING;
INSERT INTO user_roles (user_id, role) VALUES ('da346bbe-af09-4201-8b17-def3c40ed4e2','shopper') ON CONFLICT DO NOTHING;
INSERT INTO auth.users (id, instance_id, aud, role, email, encrypted_password, email_confirmed_at, raw_app_meta_data, raw_user_meta_data, created_at, updated_at, confirmation_token, email_change, email_change_token_new, recovery_token) VALUES ('b806130d-eb1a-4225-bc64-4494b215a7ce','00000000-0000-0000-0000-000000000000','authenticated','authenticated','emma.johnson@example.com',crypt('Demo@12345', gen_salt('bf')), now(), '{"provider":"email","providers":["email"]}'::jsonb, '{"full_name":"Emma Johnson"}'::jsonb, now() - interval '29 days', now(), '', '', '', '');
INSERT INTO auth.identities (id, user_id, identity_data, provider, provider_id, last_sign_in_at, created_at, updated_at) VALUES (gen_random_uuid(),'b806130d-eb1a-4225-bc64-4494b215a7ce','{"sub":"b806130d-eb1a-4225-bc64-4494b215a7ce","email":"emma.johnson@example.com"}'::jsonb,'email','b806130d-eb1a-4225-bc64-4494b215a7ce', now(), now(), now());
INSERT INTO profiles (id,full_name,country,status,last_login) VALUES ('b806130d-eb1a-4225-bc64-4494b215a7ce','Emma Johnson','US','active', now() - interval '51 days') ON CONFLICT (id) DO NOTHING;
INSERT INTO user_roles (user_id, role) VALUES ('b806130d-eb1a-4225-bc64-4494b215a7ce','shopper') ON CONFLICT DO NOTHING;
INSERT INTO auth.users (id, instance_id, aud, role, email, encrypted_password, email_confirmed_at, raw_app_meta_data, raw_user_meta_data, created_at, updated_at, confirmation_token, email_change, email_change_token_new, recovery_token) VALUES ('7c889b7d-2db9-4b86-9d03-46afee13d5c3','00000000-0000-0000-0000-000000000000','authenticated','authenticated','noah.brown@example.com',crypt('Demo@12345', gen_salt('bf')), now(), '{"provider":"email","providers":["email"]}'::jsonb, '{"full_name":"Noah Brown"}'::jsonb, now() - interval '162 days', now(), '', '', '', '');
INSERT INTO auth.identities (id, user_id, identity_data, provider, provider_id, last_sign_in_at, created_at, updated_at) VALUES (gen_random_uuid(),'7c889b7d-2db9-4b86-9d03-46afee13d5c3','{"sub":"7c889b7d-2db9-4b86-9d03-46afee13d5c3","email":"noah.brown@example.com"}'::jsonb,'email','7c889b7d-2db9-4b86-9d03-46afee13d5c3', now(), now(), now());
INSERT INTO profiles (id,full_name,country,status,last_login) VALUES ('7c889b7d-2db9-4b86-9d03-46afee13d5c3','Noah Brown','FR','active', now() - interval '4 days') ON CONFLICT (id) DO NOTHING;
INSERT INTO user_roles (user_id, role) VALUES ('7c889b7d-2db9-4b86-9d03-46afee13d5c3','shopper') ON CONFLICT DO NOTHING;
INSERT INTO auth.users (id, instance_id, aud, role, email, encrypted_password, email_confirmed_at, raw_app_meta_data, raw_user_meta_data, created_at, updated_at, confirmation_token, email_change, email_change_token_new, recovery_token) VALUES ('90708a35-a169-4369-94f4-8aa3f4f98278','00000000-0000-0000-0000-000000000000','authenticated','authenticated','olivia.davis@example.com',crypt('Demo@12345', gen_salt('bf')), now(), '{"provider":"email","providers":["email"]}'::jsonb, '{"full_name":"Olivia Davis"}'::jsonb, now() - interval '109 days', now(), '', '', '', '');
INSERT INTO auth.identities (id, user_id, identity_data, provider, provider_id, last_sign_in_at, created_at, updated_at) VALUES (gen_random_uuid(),'90708a35-a169-4369-94f4-8aa3f4f98278','{"sub":"90708a35-a169-4369-94f4-8aa3f4f98278","email":"olivia.davis@example.com"}'::jsonb,'email','90708a35-a169-4369-94f4-8aa3f4f98278', now(), now(), now());
INSERT INTO profiles (id,full_name,country,status,last_login) VALUES ('90708a35-a169-4369-94f4-8aa3f4f98278','Olivia Davis','AE','active', now() - interval '41 days') ON CONFLICT (id) DO NOTHING;
INSERT INTO user_roles (user_id, role) VALUES ('90708a35-a169-4369-94f4-8aa3f4f98278','shopper') ON CONFLICT DO NOTHING;
INSERT INTO auth.users (id, instance_id, aud, role, email, encrypted_password, email_confirmed_at, raw_app_meta_data, raw_user_meta_data, created_at, updated_at, confirmation_token, email_change, email_change_token_new, recovery_token) VALUES ('5919aa48-f90f-41e2-8820-781df9872d8c','00000000-0000-0000-0000-000000000000','authenticated','authenticated','ava.wilson@example.com',crypt('Demo@12345', gen_salt('bf')), now(), '{"provider":"email","providers":["email"]}'::jsonb, '{"full_name":"Ava Wilson"}'::jsonb, now() - interval '256 days', now(), '', '', '', '');
INSERT INTO auth.identities (id, user_id, identity_data, provider, provider_id, last_sign_in_at, created_at, updated_at) VALUES (gen_random_uuid(),'5919aa48-f90f-41e2-8820-781df9872d8c','{"sub":"5919aa48-f90f-41e2-8820-781df9872d8c","email":"ava.wilson@example.com"}'::jsonb,'email','5919aa48-f90f-41e2-8820-781df9872d8c', now(), now(), now());
INSERT INTO profiles (id,full_name,country,status,last_login) VALUES ('5919aa48-f90f-41e2-8820-781df9872d8c','Ava Wilson','ES','active', now() - interval '9 days') ON CONFLICT (id) DO NOTHING;
INSERT INTO user_roles (user_id, role) VALUES ('5919aa48-f90f-41e2-8820-781df9872d8c','shopper') ON CONFLICT DO NOTHING;
INSERT INTO auth.users (id, instance_id, aud, role, email, encrypted_password, email_confirmed_at, raw_app_meta_data, raw_user_meta_data, created_at, updated_at, confirmation_token, email_change, email_change_token_new, recovery_token) VALUES ('b04e50f8-9f60-4897-b5d7-2aeee7cfb4f5','00000000-0000-0000-0000-000000000000','authenticated','authenticated','sophia.moore@example.com',crypt('Demo@12345', gen_salt('bf')), now(), '{"provider":"email","providers":["email"]}'::jsonb, '{"full_name":"Sophia Moore"}'::jsonb, now() - interval '136 days', now(), '', '', '', '');
INSERT INTO auth.identities (id, user_id, identity_data, provider, provider_id, last_sign_in_at, created_at, updated_at) VALUES (gen_random_uuid(),'b04e50f8-9f60-4897-b5d7-2aeee7cfb4f5','{"sub":"b04e50f8-9f60-4897-b5d7-2aeee7cfb4f5","email":"sophia.moore@example.com"}'::jsonb,'email','b04e50f8-9f60-4897-b5d7-2aeee7cfb4f5', now(), now(), now());
INSERT INTO profiles (id,full_name,country,status,last_login) VALUES ('b04e50f8-9f60-4897-b5d7-2aeee7cfb4f5','Sophia Moore','AE','active', now() - interval '47 days') ON CONFLICT (id) DO NOTHING;
INSERT INTO user_roles (user_id, role) VALUES ('b04e50f8-9f60-4897-b5d7-2aeee7cfb4f5','shopper') ON CONFLICT DO NOTHING;
INSERT INTO auth.users (id, instance_id, aud, role, email, encrypted_password, email_confirmed_at, raw_app_meta_data, raw_user_meta_data, created_at, updated_at, confirmation_token, email_change, email_change_token_new, recovery_token) VALUES ('f7317c06-75df-4c51-948d-5ef1dd3568b7','00000000-0000-0000-0000-000000000000','authenticated','authenticated','mason.taylor@example.com',crypt('Demo@12345', gen_salt('bf')), now(), '{"provider":"email","providers":["email"]}'::jsonb, '{"full_name":"Mason Taylor"}'::jsonb, now() - interval '288 days', now(), '', '', '', '');
INSERT INTO auth.identities (id, user_id, identity_data, provider, provider_id, last_sign_in_at, created_at, updated_at) VALUES (gen_random_uuid(),'f7317c06-75df-4c51-948d-5ef1dd3568b7','{"sub":"f7317c06-75df-4c51-948d-5ef1dd3568b7","email":"mason.taylor@example.com"}'::jsonb,'email','f7317c06-75df-4c51-948d-5ef1dd3568b7', now(), now(), now());
INSERT INTO profiles (id,full_name,country,status,last_login) VALUES ('f7317c06-75df-4c51-948d-5ef1dd3568b7','Mason Taylor','SE','active', now() - interval '57 days') ON CONFLICT (id) DO NOTHING;
INSERT INTO user_roles (user_id, role) VALUES ('f7317c06-75df-4c51-948d-5ef1dd3568b7','shopper') ON CONFLICT DO NOTHING;
INSERT INTO auth.users (id, instance_id, aud, role, email, encrypted_password, email_confirmed_at, raw_app_meta_data, raw_user_meta_data, created_at, updated_at, confirmation_token, email_change, email_change_token_new, recovery_token) VALUES ('03f3c993-dd22-4430-84f5-8b8ae4632538','00000000-0000-0000-0000-000000000000','authenticated','authenticated','isabella.anderson@example.com',crypt('Demo@12345', gen_salt('bf')), now(), '{"provider":"email","providers":["email"]}'::jsonb, '{"full_name":"Isabella Anderson"}'::jsonb, now() - interval '299 days', now(), '', '', '', '');
INSERT INTO auth.identities (id, user_id, identity_data, provider, provider_id, last_sign_in_at, created_at, updated_at) VALUES (gen_random_uuid(),'03f3c993-dd22-4430-84f5-8b8ae4632538','{"sub":"03f3c993-dd22-4430-84f5-8b8ae4632538","email":"isabella.anderson@example.com"}'::jsonb,'email','03f3c993-dd22-4430-84f5-8b8ae4632538', now(), now(), now());
INSERT INTO profiles (id,full_name,country,status,last_login) VALUES ('03f3c993-dd22-4430-84f5-8b8ae4632538','Isabella Anderson','UK','active', now() - interval '14 days') ON CONFLICT (id) DO NOTHING;
INSERT INTO user_roles (user_id, role) VALUES ('03f3c993-dd22-4430-84f5-8b8ae4632538','shopper') ON CONFLICT DO NOTHING;
INSERT INTO auth.users (id, instance_id, aud, role, email, encrypted_password, email_confirmed_at, raw_app_meta_data, raw_user_meta_data, created_at, updated_at, confirmation_token, email_change, email_change_token_new, recovery_token) VALUES ('eadb7efa-2769-4502-84ba-91cbcfe91719','00000000-0000-0000-0000-000000000000','authenticated','authenticated','ethan.thomas@example.com',crypt('Demo@12345', gen_salt('bf')), now(), '{"provider":"email","providers":["email"]}'::jsonb, '{"full_name":"Ethan Thomas"}'::jsonb, now() - interval '71 days', now(), '', '', '', '');
INSERT INTO auth.identities (id, user_id, identity_data, provider, provider_id, last_sign_in_at, created_at, updated_at) VALUES (gen_random_uuid(),'eadb7efa-2769-4502-84ba-91cbcfe91719','{"sub":"eadb7efa-2769-4502-84ba-91cbcfe91719","email":"ethan.thomas@example.com"}'::jsonb,'email','eadb7efa-2769-4502-84ba-91cbcfe91719', now(), now(), now());
INSERT INTO profiles (id,full_name,country,status,last_login) VALUES ('eadb7efa-2769-4502-84ba-91cbcfe91719','Ethan Thomas','ES','banned', now() - interval '5 days') ON CONFLICT (id) DO NOTHING;
INSERT INTO user_roles (user_id, role) VALUES ('eadb7efa-2769-4502-84ba-91cbcfe91719','shopper') ON CONFLICT DO NOTHING;
INSERT INTO auth.users (id, instance_id, aud, role, email, encrypted_password, email_confirmed_at, raw_app_meta_data, raw_user_meta_data, created_at, updated_at, confirmation_token, email_change, email_change_token_new, recovery_token) VALUES ('fdab51f4-d55e-4dd4-abc4-1f2109434982','00000000-0000-0000-0000-000000000000','authenticated','authenticated','mia.jackson@example.com',crypt('Demo@12345', gen_salt('bf')), now(), '{"provider":"email","providers":["email"]}'::jsonb, '{"full_name":"Mia Jackson"}'::jsonb, now() - interval '25 days', now(), '', '', '', '');
INSERT INTO auth.identities (id, user_id, identity_data, provider, provider_id, last_sign_in_at, created_at, updated_at) VALUES (gen_random_uuid(),'fdab51f4-d55e-4dd4-abc4-1f2109434982','{"sub":"fdab51f4-d55e-4dd4-abc4-1f2109434982","email":"mia.jackson@example.com"}'::jsonb,'email','fdab51f4-d55e-4dd4-abc4-1f2109434982', now(), now(), now());
INSERT INTO profiles (id,full_name,country,status,last_login) VALUES ('fdab51f4-d55e-4dd4-abc4-1f2109434982','Mia Jackson','JP','active', now() - interval '40 days') ON CONFLICT (id) DO NOTHING;
INSERT INTO user_roles (user_id, role) VALUES ('fdab51f4-d55e-4dd4-abc4-1f2109434982','shopper') ON CONFLICT DO NOTHING;
INSERT INTO auth.users (id, instance_id, aud, role, email, encrypted_password, email_confirmed_at, raw_app_meta_data, raw_user_meta_data, created_at, updated_at, confirmation_token, email_change, email_change_token_new, recovery_token) VALUES ('4d6a4ac3-7a6b-4f80-9c6d-cfb0d1343ca4','00000000-0000-0000-0000-000000000000','authenticated','authenticated','lucas.white@example.com',crypt('Demo@12345', gen_salt('bf')), now(), '{"provider":"email","providers":["email"]}'::jsonb, '{"full_name":"Lucas White"}'::jsonb, now() - interval '82 days', now(), '', '', '', '');
INSERT INTO auth.identities (id, user_id, identity_data, provider, provider_id, last_sign_in_at, created_at, updated_at) VALUES (gen_random_uuid(),'4d6a4ac3-7a6b-4f80-9c6d-cfb0d1343ca4','{"sub":"4d6a4ac3-7a6b-4f80-9c6d-cfb0d1343ca4","email":"lucas.white@example.com"}'::jsonb,'email','4d6a4ac3-7a6b-4f80-9c6d-cfb0d1343ca4', now(), now(), now());
INSERT INTO profiles (id,full_name,country,status,last_login) VALUES ('4d6a4ac3-7a6b-4f80-9c6d-cfb0d1343ca4','Lucas White','DE','active', now() - interval '24 days') ON CONFLICT (id) DO NOTHING;
INSERT INTO user_roles (user_id, role) VALUES ('4d6a4ac3-7a6b-4f80-9c6d-cfb0d1343ca4','shopper') ON CONFLICT DO NOTHING;
INSERT INTO auth.users (id, instance_id, aud, role, email, encrypted_password, email_confirmed_at, raw_app_meta_data, raw_user_meta_data, created_at, updated_at, confirmation_token, email_change, email_change_token_new, recovery_token) VALUES ('897df18c-90a1-49b1-aee6-624b87e6bd53','00000000-0000-0000-0000-000000000000','authenticated','authenticated','aria.harris@example.com',crypt('Demo@12345', gen_salt('bf')), now(), '{"provider":"email","providers":["email"]}'::jsonb, '{"full_name":"Aria Harris"}'::jsonb, now() - interval '196 days', now(), '', '', '', '');
INSERT INTO auth.identities (id, user_id, identity_data, provider, provider_id, last_sign_in_at, created_at, updated_at) VALUES (gen_random_uuid(),'897df18c-90a1-49b1-aee6-624b87e6bd53','{"sub":"897df18c-90a1-49b1-aee6-624b87e6bd53","email":"aria.harris@example.com"}'::jsonb,'email','897df18c-90a1-49b1-aee6-624b87e6bd53', now(), now(), now());
INSERT INTO profiles (id,full_name,country,status,last_login) VALUES ('897df18c-90a1-49b1-aee6-624b87e6bd53','Aria Harris','FR','active', now() - interval '35 days') ON CONFLICT (id) DO NOTHING;
INSERT INTO user_roles (user_id, role) VALUES ('897df18c-90a1-49b1-aee6-624b87e6bd53','shopper') ON CONFLICT DO NOTHING;
INSERT INTO auth.users (id, instance_id, aud, role, email, encrypted_password, email_confirmed_at, raw_app_meta_data, raw_user_meta_data, created_at, updated_at, confirmation_token, email_change, email_change_token_new, recovery_token) VALUES ('77768d10-fe36-4a36-9b96-184f3f954c99','00000000-0000-0000-0000-000000000000','authenticated','authenticated','logan.martin@example.com',crypt('Demo@12345', gen_salt('bf')), now(), '{"provider":"email","providers":["email"]}'::jsonb, '{"full_name":"Logan Martin"}'::jsonb, now() - interval '6 days', now(), '', '', '', '');
INSERT INTO auth.identities (id, user_id, identity_data, provider, provider_id, last_sign_in_at, created_at, updated_at) VALUES (gen_random_uuid(),'77768d10-fe36-4a36-9b96-184f3f954c99','{"sub":"77768d10-fe36-4a36-9b96-184f3f954c99","email":"logan.martin@example.com"}'::jsonb,'email','77768d10-fe36-4a36-9b96-184f3f954c99', now(), now(), now());
INSERT INTO profiles (id,full_name,country,status,last_login) VALUES ('77768d10-fe36-4a36-9b96-184f3f954c99','Logan Martin','FR','active', now() - interval '49 days') ON CONFLICT (id) DO NOTHING;
INSERT INTO user_roles (user_id, role) VALUES ('77768d10-fe36-4a36-9b96-184f3f954c99','shopper') ON CONFLICT DO NOTHING;
INSERT INTO auth.users (id, instance_id, aud, role, email, encrypted_password, email_confirmed_at, raw_app_meta_data, raw_user_meta_data, created_at, updated_at, confirmation_token, email_change, email_change_token_new, recovery_token) VALUES ('091c1680-e499-40aa-a400-0240f0edf2e2','00000000-0000-0000-0000-000000000000','authenticated','authenticated','amelia.garcia@example.com',crypt('Demo@12345', gen_salt('bf')), now(), '{"provider":"email","providers":["email"]}'::jsonb, '{"full_name":"Amelia Garcia"}'::jsonb, now() - interval '329 days', now(), '', '', '', '');
INSERT INTO auth.identities (id, user_id, identity_data, provider, provider_id, last_sign_in_at, created_at, updated_at) VALUES (gen_random_uuid(),'091c1680-e499-40aa-a400-0240f0edf2e2','{"sub":"091c1680-e499-40aa-a400-0240f0edf2e2","email":"amelia.garcia@example.com"}'::jsonb,'email','091c1680-e499-40aa-a400-0240f0edf2e2', now(), now(), now());
INSERT INTO profiles (id,full_name,country,status,last_login) VALUES ('091c1680-e499-40aa-a400-0240f0edf2e2','Amelia Garcia','DE','active', now() - interval '18 days') ON CONFLICT (id) DO NOTHING;
INSERT INTO user_roles (user_id, role) VALUES ('091c1680-e499-40aa-a400-0240f0edf2e2','shopper') ON CONFLICT DO NOTHING;
INSERT INTO auth.users (id, instance_id, aud, role, email, encrypted_password, email_confirmed_at, raw_app_meta_data, raw_user_meta_data, created_at, updated_at, confirmation_token, email_change, email_change_token_new, recovery_token) VALUES ('134f28f4-1544-4e8b-985e-f0d2d39360dc','00000000-0000-0000-0000-000000000000','authenticated','authenticated','james.martinez@example.com',crypt('Demo@12345', gen_salt('bf')), now(), '{"provider":"email","providers":["email"]}'::jsonb, '{"full_name":"James Martinez"}'::jsonb, now() - interval '223 days', now(), '', '', '', '');
INSERT INTO auth.identities (id, user_id, identity_data, provider, provider_id, last_sign_in_at, created_at, updated_at) VALUES (gen_random_uuid(),'134f28f4-1544-4e8b-985e-f0d2d39360dc','{"sub":"134f28f4-1544-4e8b-985e-f0d2d39360dc","email":"james.martinez@example.com"}'::jsonb,'email','134f28f4-1544-4e8b-985e-f0d2d39360dc', now(), now(), now());
INSERT INTO profiles (id,full_name,country,status,last_login) VALUES ('134f28f4-1544-4e8b-985e-f0d2d39360dc','James Martinez','ES','active', now() - interval '0 days') ON CONFLICT (id) DO NOTHING;
INSERT INTO user_roles (user_id, role) VALUES ('134f28f4-1544-4e8b-985e-f0d2d39360dc','shopper') ON CONFLICT DO NOTHING;
INSERT INTO auth.users (id, instance_id, aud, role, email, encrypted_password, email_confirmed_at, raw_app_meta_data, raw_user_meta_data, created_at, updated_at, confirmation_token, email_change, email_change_token_new, recovery_token) VALUES ('60d999ff-84af-4bf7-aba4-366ea674cd97','00000000-0000-0000-0000-000000000000','authenticated','authenticated','harper.robinson@example.com',crypt('Demo@12345', gen_salt('bf')), now(), '{"provider":"email","providers":["email"]}'::jsonb, '{"full_name":"Harper Robinson"}'::jsonb, now() - interval '135 days', now(), '', '', '', '');
INSERT INTO auth.identities (id, user_id, identity_data, provider, provider_id, last_sign_in_at, created_at, updated_at) VALUES (gen_random_uuid(),'60d999ff-84af-4bf7-aba4-366ea674cd97','{"sub":"60d999ff-84af-4bf7-aba4-366ea674cd97","email":"harper.robinson@example.com"}'::jsonb,'email','60d999ff-84af-4bf7-aba4-366ea674cd97', now(), now(), now());
INSERT INTO profiles (id,full_name,country,status,last_login) VALUES ('60d999ff-84af-4bf7-aba4-366ea674cd97','Harper Robinson','JP','banned', now() - interval '32 days') ON CONFLICT (id) DO NOTHING;
INSERT INTO user_roles (user_id, role) VALUES ('60d999ff-84af-4bf7-aba4-366ea674cd97','shopper') ON CONFLICT DO NOTHING;
INSERT INTO auth.users (id, instance_id, aud, role, email, encrypted_password, email_confirmed_at, raw_app_meta_data, raw_user_meta_data, created_at, updated_at, confirmation_token, email_change, email_change_token_new, recovery_token) VALUES ('e9cbeef7-1536-490b-9edb-967715af55c2','00000000-0000-0000-0000-000000000000','authenticated','authenticated','aiden.clark@example.com',crypt('Demo@12345', gen_salt('bf')), now(), '{"provider":"email","providers":["email"]}'::jsonb, '{"full_name":"Aiden Clark"}'::jsonb, now() - interval '55 days', now(), '', '', '', '');
INSERT INTO auth.identities (id, user_id, identity_data, provider, provider_id, last_sign_in_at, created_at, updated_at) VALUES (gen_random_uuid(),'e9cbeef7-1536-490b-9edb-967715af55c2','{"sub":"e9cbeef7-1536-490b-9edb-967715af55c2","email":"aiden.clark@example.com"}'::jsonb,'email','e9cbeef7-1536-490b-9edb-967715af55c2', now(), now(), now());
INSERT INTO profiles (id,full_name,country,status,last_login) VALUES ('e9cbeef7-1536-490b-9edb-967715af55c2','Aiden Clark','AE','active', now() - interval '9 days') ON CONFLICT (id) DO NOTHING;
INSERT INTO user_roles (user_id, role) VALUES ('e9cbeef7-1536-490b-9edb-967715af55c2','shopper') ON CONFLICT DO NOTHING;
INSERT INTO auth.users (id, instance_id, aud, role, email, encrypted_password, email_confirmed_at, raw_app_meta_data, raw_user_meta_data, created_at, updated_at, confirmation_token, email_change, email_change_token_new, recovery_token) VALUES ('fadddecc-8835-45bc-bd74-7d2b6093a2bd','00000000-0000-0000-0000-000000000000','authenticated','authenticated','evelyn.lewis@example.com',crypt('Demo@12345', gen_salt('bf')), now(), '{"provider":"email","providers":["email"]}'::jsonb, '{"full_name":"Evelyn Lewis"}'::jsonb, now() - interval '192 days', now(), '', '', '', '');
INSERT INTO auth.identities (id, user_id, identity_data, provider, provider_id, last_sign_in_at, created_at, updated_at) VALUES (gen_random_uuid(),'fadddecc-8835-45bc-bd74-7d2b6093a2bd','{"sub":"fadddecc-8835-45bc-bd74-7d2b6093a2bd","email":"evelyn.lewis@example.com"}'::jsonb,'email','fadddecc-8835-45bc-bd74-7d2b6093a2bd', now(), now(), now());
INSERT INTO profiles (id,full_name,country,status,last_login) VALUES ('fadddecc-8835-45bc-bd74-7d2b6093a2bd','Evelyn Lewis','US','active', now() - interval '38 days') ON CONFLICT (id) DO NOTHING;
INSERT INTO user_roles (user_id, role) VALUES ('fadddecc-8835-45bc-bd74-7d2b6093a2bd','shopper') ON CONFLICT DO NOTHING;
INSERT INTO auth.users (id, instance_id, aud, role, email, encrypted_password, email_confirmed_at, raw_app_meta_data, raw_user_meta_data, created_at, updated_at, confirmation_token, email_change, email_change_token_new, recovery_token) VALUES ('1d58c112-0638-44c8-b5c0-b9d4f9c72dac','00000000-0000-0000-0000-000000000000','authenticated','authenticated','jackson.walker@example.com',crypt('Demo@12345', gen_salt('bf')), now(), '{"provider":"email","providers":["email"]}'::jsonb, '{"full_name":"Jackson Walker"}'::jsonb, now() - interval '166 days', now(), '', '', '', '');
INSERT INTO auth.identities (id, user_id, identity_data, provider, provider_id, last_sign_in_at, created_at, updated_at) VALUES (gen_random_uuid(),'1d58c112-0638-44c8-b5c0-b9d4f9c72dac','{"sub":"1d58c112-0638-44c8-b5c0-b9d4f9c72dac","email":"jackson.walker@example.com"}'::jsonb,'email','1d58c112-0638-44c8-b5c0-b9d4f9c72dac', now(), now(), now());
INSERT INTO profiles (id,full_name,country,status,last_login) VALUES ('1d58c112-0638-44c8-b5c0-b9d4f9c72dac','Jackson Walker','US','suspended', now() - interval '7 days') ON CONFLICT (id) DO NOTHING;
INSERT INTO user_roles (user_id, role) VALUES ('1d58c112-0638-44c8-b5c0-b9d4f9c72dac','shopper') ON CONFLICT DO NOTHING;
INSERT INTO auth.users (id, instance_id, aud, role, email, encrypted_password, email_confirmed_at, raw_app_meta_data, raw_user_meta_data, created_at, updated_at, confirmation_token, email_change, email_change_token_new, recovery_token) VALUES ('800c641f-5f83-4e08-bcaf-da579bf7ada8','00000000-0000-0000-0000-000000000000','authenticated','authenticated','layla.hall@example.com',crypt('Demo@12345', gen_salt('bf')), now(), '{"provider":"email","providers":["email"]}'::jsonb, '{"full_name":"Layla Hall"}'::jsonb, now() - interval '186 days', now(), '', '', '', '');
INSERT INTO auth.identities (id, user_id, identity_data, provider, provider_id, last_sign_in_at, created_at, updated_at) VALUES (gen_random_uuid(),'800c641f-5f83-4e08-bcaf-da579bf7ada8','{"sub":"800c641f-5f83-4e08-bcaf-da579bf7ada8","email":"layla.hall@example.com"}'::jsonb,'email','800c641f-5f83-4e08-bcaf-da579bf7ada8', now(), now(), now());
INSERT INTO profiles (id,full_name,country,status,last_login) VALUES ('800c641f-5f83-4e08-bcaf-da579bf7ada8','Layla Hall','AE','active', now() - interval '3 days') ON CONFLICT (id) DO NOTHING;
INSERT INTO user_roles (user_id, role) VALUES ('800c641f-5f83-4e08-bcaf-da579bf7ada8','shopper') ON CONFLICT DO NOTHING;
INSERT INTO merchant_applications (seller_id, documents, status) VALUES ('5d34c408-427a-47e6-ad11-f31448b7af48','[{"type":"business_license","url":"docs/lic-0.pdf"},{"type":"tax_id","url":"docs/tax-0.pdf"}]'::jsonb,'pending');
INSERT INTO merchant_applications (seller_id, documents, status) VALUES ('b59782da-fd23-4226-8e44-a37d485d26c5','[{"type":"business_license","url":"docs/lic-1.pdf"},{"type":"tax_id","url":"docs/tax-1.pdf"}]'::jsonb,'rejected');
INSERT INTO merchant_applications (seller_id, documents, status) VALUES ('2beaf4c9-4dcc-4e16-97e9-ec8a231a9afb','[{"type":"business_license","url":"docs/lic-2.pdf"},{"type":"tax_id","url":"docs/tax-2.pdf"}]'::jsonb,'pending');
INSERT INTO merchant_applications (seller_id, documents, status) VALUES ('ab95a0d4-23e7-4643-86fb-f67ec1ea7e1c','[{"type":"business_license","url":"docs/lic-3.pdf"},{"type":"tax_id","url":"docs/tax-3.pdf"}]'::jsonb,'pending');
INSERT INTO merchant_applications (seller_id, documents, status) VALUES ('3e12fc01-7999-4048-80df-6a0086af48eb','[{"type":"business_license","url":"docs/lic-4.pdf"},{"type":"tax_id","url":"docs/tax-4.pdf"}]'::jsonb,'rejected');
INSERT INTO merchant_applications (seller_id, documents, status) VALUES ('36f73885-6b52-4004-9b1d-64485f2176d8','[{"type":"business_license","url":"docs/lic-5.pdf"},{"type":"tax_id","url":"docs/tax-5.pdf"}]'::jsonb,'approved');
INSERT INTO products (id,seller_id,category_id,title,description,sku,price,stock,status,images,sales_count,rating) VALUES ('75c09184-ffc9-47d1-b8f7-96adbca580ce','b59782da-fd23-4226-8e44-a37d485d26c5','f186ef84-36e7-4e99-8fb4-5bc0a839b689','Hair Dryer Pro Mini','High-quality hair dryer pro mini for everyday use.','SKU-31643',72.9,121,'pending','["https://picsum.photos/seed/75c09184/400/400"]'::jsonb,0,NULL);
INSERT INTO products (id,seller_id,category_id,title,description,sku,price,stock,status,images,sales_count,rating) VALUES ('28de8a8b-48de-498f-a45b-235e1f76748c','3e12fc01-7999-4048-80df-6a0086af48eb','f186ef84-36e7-4e99-8fb4-5bc0a839b689','Plant Pot Set Eco','High-quality plant pot set eco for everyday use.','SKU-36365',217.33,54,'pending','["https://picsum.photos/seed/28de8a8b/400/400"]'::jsonb,0,NULL);
INSERT INTO products (id,seller_id,category_id,title,description,sku,price,stock,status,images,sales_count,rating) VALUES ('6c09bbfa-884c-4c52-bbff-4042799c5f13','3e12fc01-7999-4048-80df-6a0086af48eb','f7417bb2-b1df-4731-ae40-7beb2931f36f','Olive Oil 1L Lite','High-quality olive oil 1l lite for everyday use.','SKU-69177',192.97,230,'pending','["https://picsum.photos/seed/6c09bbfa/400/400"]'::jsonb,0,NULL);
INSERT INTO products (id,seller_id,category_id,title,description,sku,price,stock,status,images,sales_count,rating) VALUES ('3f430ca4-3bad-4931-83db-3ce955c38331','b59782da-fd23-4226-8e44-a37d485d26c5','84af6ba0-b0d3-4253-aae9-4930d1b1ddc7','Desk Lamp LED Plus','High-quality desk lamp led plus for everyday use.','SKU-40161',175.65,150,'pending','["https://picsum.photos/seed/3f430ca4/400/400"]'::jsonb,0,NULL);
INSERT INTO products (id,seller_id,category_id,title,description,sku,price,stock,status,images,sales_count,rating) VALUES ('f61844a1-6160-4afc-9703-e40bc90851a1','ab95a0d4-23e7-4643-86fb-f67ec1ea7e1c','79286632-720c-4264-bb2c-6b7d53e17377','Cotton T-Shirt Lite','High-quality cotton t-shirt lite for everyday use.','SKU-53309',319.23,58,'approved','["https://picsum.photos/seed/f61844a1/400/400"]'::jsonb,463,3.55);
INSERT INTO products (id,seller_id,category_id,title,description,sku,price,stock,status,images,sales_count,rating) VALUES ('5afe9506-9b7e-4bbc-8ab1-a753fab2391c','b59782da-fd23-4226-8e44-a37d485d26c5','f186ef84-36e7-4e99-8fb4-5bc0a839b689','Desk Lamp LED Pro','High-quality desk lamp led pro for everyday use.','SKU-27342',337.79,54,'pending','["https://picsum.photos/seed/5afe9506/400/400"]'::jsonb,0,NULL);
INSERT INTO products (id,seller_id,category_id,title,description,sku,price,stock,status,images,sales_count,rating) VALUES ('dbe6159e-de23-478c-8576-d5080c8c8430','27cc7b6b-164e-4cb7-8683-58f2ebba3aee','84af6ba0-b0d3-4253-aae9-4930d1b1ddc7','Electric Toothbrush XL','High-quality electric toothbrush xl for everyday use.','SKU-56438',405.66,48,'approved','["https://picsum.photos/seed/dbe6159e/400/400"]'::jsonb,49,4.49);
INSERT INTO products (id,seller_id,category_id,title,description,sku,price,stock,status,images,sales_count,rating) VALUES ('b80c50d0-e26e-4260-8cfd-5f8679d90492','9e80fdb4-88aa-4a87-adaf-a9cb23282919','f7417bb2-b1df-4731-ae40-7beb2931f36f','Mountain Bike','High-quality mountain bike for everyday use.','SKU-54473',367.24,172,'approved','["https://picsum.photos/seed/b80c50d0/400/400"]'::jsonb,31,4.1);
INSERT INTO products (id,seller_id,category_id,title,description,sku,price,stock,status,images,sales_count,rating) VALUES ('89112b8b-879a-49a8-a843-c9ddce073f71','b59782da-fd23-4226-8e44-a37d485d26c5','84af6ba0-b0d3-4253-aae9-4930d1b1ddc7','Running Shoes Mini','High-quality running shoes mini for everyday use.','SKU-42742',272.77,35,'approved','["https://picsum.photos/seed/89112b8b/400/400"]'::jsonb,93,3.92);
INSERT INTO products (id,seller_id,category_id,title,description,sku,price,stock,status,images,sales_count,rating) VALUES ('9198edd6-d4f6-4419-ad25-c7a29cf60826','b59782da-fd23-4226-8e44-a37d485d26c5','b4a8423b-c293-46ac-bcb7-afcc83bf6bcb','Electric Toothbrush','High-quality electric toothbrush for everyday use.','SKU-11934',429.41,25,'approved','["https://picsum.photos/seed/9198edd6/400/400"]'::jsonb,333,5.0);
INSERT INTO products (id,seller_id,category_id,title,description,sku,price,stock,status,images,sales_count,rating) VALUES ('c8806730-b840-4864-b22a-1c2ecef7d7de','b59782da-fd23-4226-8e44-a37d485d26c5','84af6ba0-b0d3-4253-aae9-4930d1b1ddc7','Yoga Mat Premium XL','High-quality yoga mat premium xl for everyday use.','SKU-59672',247.95,54,'approved','["https://picsum.photos/seed/c8806730/400/400"]'::jsonb,462,3.59);
INSERT INTO products (id,seller_id,category_id,title,description,sku,price,stock,status,images,sales_count,rating) VALUES ('f527eca5-7325-44a3-a49f-d49e3adf146d','5d34c408-427a-47e6-ad11-f31448b7af48','f7417bb2-b1df-4731-ae40-7beb2931f36f','Bluetooth Speaker','High-quality bluetooth speaker for everyday use.','SKU-82845',394.7,73,'approved','["https://picsum.photos/seed/f527eca5/400/400"]'::jsonb,356,4.94);
INSERT INTO products (id,seller_id,category_id,title,description,sku,price,stock,status,images,sales_count,rating) VALUES ('0d73cb52-cb11-48d5-996f-344c8ac41ef9','27cc7b6b-164e-4cb7-8683-58f2ebba3aee','cf680d8b-8552-41d5-89bd-c88ffd7a6eb7','Running Shoes Pro','High-quality running shoes pro for everyday use.','SKU-81066',116.66,14,'rejected','["https://picsum.photos/seed/0d73cb52/400/400"]'::jsonb,0,NULL);
INSERT INTO products (id,seller_id,category_id,title,description,sku,price,stock,status,images,sales_count,rating) VALUES ('c63763f2-662e-4081-99b8-6659b7dbb8dd','5d34c408-427a-47e6-ad11-f31448b7af48','b71b7805-5016-4880-a871-94387b5556f1','Coffee Grinder Plus','High-quality coffee grinder plus for everyday use.','SKU-79615',34.56,122,'pending','["https://picsum.photos/seed/c63763f2/400/400"]'::jsonb,0,NULL);
INSERT INTO products (id,seller_id,category_id,title,description,sku,price,stock,status,images,sales_count,rating) VALUES ('372bc6b5-b692-48ee-a519-467a860ddc61','2beaf4c9-4dcc-4e16-97e9-ec8a231a9afb','79286632-720c-4264-bb2c-6b7d53e17377','Mystery Novel Plus','High-quality mystery novel plus for everyday use.','SKU-18907',427.15,17,'rejected','["https://picsum.photos/seed/372bc6b5/400/400"]'::jsonb,0,NULL);
INSERT INTO products (id,seller_id,category_id,title,description,sku,price,stock,status,images,sales_count,rating) VALUES ('173f6809-9e2e-4771-bd35-c953c3144c2f','ab95a0d4-23e7-4643-86fb-f67ec1ea7e1c','f7417bb2-b1df-4731-ae40-7beb2931f36f','Leather Wallet Eco','High-quality leather wallet eco for everyday use.','SKU-96163',130.64,152,'approved','["https://picsum.photos/seed/173f6809/400/400"]'::jsonb,317,3.62);
INSERT INTO products (id,seller_id,category_id,title,description,sku,price,stock,status,images,sales_count,rating) VALUES ('b88a23d9-b0ba-4897-afc8-9115ec89b5cb','36f73885-6b52-4004-9b1d-64485f2176d8','e3a572bb-d061-44ed-b1c9-521ed055bd54','Running Shoes Lite','High-quality running shoes lite for everyday use.','SKU-94607',360.92,61,'approved','["https://picsum.photos/seed/b88a23d9/400/400"]'::jsonb,202,3.7);
INSERT INTO products (id,seller_id,category_id,title,description,sku,price,stock,status,images,sales_count,rating) VALUES ('64e478f9-406c-4576-9419-5785a066cefb','3e12fc01-7999-4048-80df-6a0086af48eb','b4a8423b-c293-46ac-bcb7-afcc83bf6bcb','Coffee Grinder','High-quality coffee grinder for everyday use.','SKU-23104',468.5,2,'approved','["https://picsum.photos/seed/64e478f9/400/400"]'::jsonb,318,5.0);
INSERT INTO products (id,seller_id,category_id,title,description,sku,price,stock,status,images,sales_count,rating) VALUES ('f84fd632-28e9-4fa7-bcda-01ec9ddff84d','b59782da-fd23-4226-8e44-a37d485d26c5','f186ef84-36e7-4e99-8fb4-5bc0a839b689','Running Shoes Eco','High-quality running shoes eco for everyday use.','SKU-42018',139.94,238,'approved','["https://picsum.photos/seed/f84fd632/400/400"]'::jsonb,451,3.6);
INSERT INTO products (id,seller_id,category_id,title,description,sku,price,stock,status,images,sales_count,rating) VALUES ('5adeb11f-c34f-4237-9825-4f58d77afd4c','36f73885-6b52-4004-9b1d-64485f2176d8','e3a572bb-d061-44ed-b1c9-521ed055bd54','Yoga Mat Premium XL','High-quality yoga mat premium xl for everyday use.','SKU-95717',418.53,180,'approved','["https://picsum.photos/seed/5adeb11f/400/400"]'::jsonb,313,4.98);
INSERT INTO products (id,seller_id,category_id,title,description,sku,price,stock,status,images,sales_count,rating) VALUES ('14ca55a9-4ded-4d05-b2b2-9e15c9aca7f3','5d34c408-427a-47e6-ad11-f31448b7af48','88f6c1ff-ff05-4d58-9dbf-a813e3200895','Garden Hose 50ft Eco','High-quality garden hose 50ft eco for everyday use.','SKU-44664',156.69,169,'approved','["https://picsum.photos/seed/14ca55a9/400/400"]'::jsonb,480,4.82);
INSERT INTO products (id,seller_id,category_id,title,description,sku,price,stock,status,images,sales_count,rating) VALUES ('d6040b4c-fcc6-4253-a174-6eafcfbdf5dd','b59782da-fd23-4226-8e44-a37d485d26c5','567fd9f2-6568-4a8c-95e7-de16840f534e','Dash Cam HD Eco','High-quality dash cam hd eco for everyday use.','SKU-37607',86.16,72,'rejected','["https://picsum.photos/seed/d6040b4c/400/400"]'::jsonb,0,NULL);
INSERT INTO products (id,seller_id,category_id,title,description,sku,price,stock,status,images,sales_count,rating) VALUES ('4f28d01d-374d-43ac-a445-a86071484fa3','36f73885-6b52-4004-9b1d-64485f2176d8','84af6ba0-b0d3-4253-aae9-4930d1b1ddc7','Olive Oil 1L Lite','High-quality olive oil 1l lite for everyday use.','SKU-16658',427.92,129,'approved','["https://picsum.photos/seed/4f28d01d/400/400"]'::jsonb,128,4.86);
INSERT INTO products (id,seller_id,category_id,title,description,sku,price,stock,status,images,sales_count,rating) VALUES ('d3c42518-9f9f-4d5a-87fb-0347248eabe6','b59782da-fd23-4226-8e44-a37d485d26c5','88f6c1ff-ff05-4d58-9dbf-a813e3200895','Vitamin C Pack','High-quality vitamin c pack for everyday use.','SKU-44335',145.56,0,'approved','["https://picsum.photos/seed/d3c42518/400/400"]'::jsonb,394,3.7);
INSERT INTO products (id,seller_id,category_id,title,description,sku,price,stock,status,images,sales_count,rating) VALUES ('8a018027-1cca-4061-8e74-f6e2375c3337','2beaf4c9-4dcc-4e16-97e9-ec8a231a9afb','b71b7805-5016-4880-a871-94387b5556f1','Mountain Bike Eco','High-quality mountain bike eco for everyday use.','SKU-29536',355.77,143,'approved','["https://picsum.photos/seed/8a018027/400/400"]'::jsonb,57,3.61);
INSERT INTO products (id,seller_id,category_id,title,description,sku,price,stock,status,images,sales_count,rating) VALUES ('92478fc9-ae86-4179-b406-896bbefaa91b','5d34c408-427a-47e6-ad11-f31448b7af48','5ea4e7e4-94d3-4678-baef-cfd12e444fb7','Lego Castle Eco','High-quality lego castle eco for everyday use.','SKU-15229',82.56,32,'approved','["https://picsum.photos/seed/92478fc9/400/400"]'::jsonb,157,4.05);
INSERT INTO products (id,seller_id,category_id,title,description,sku,price,stock,status,images,sales_count,rating) VALUES ('27aa6f01-70bb-4f3b-b79a-1fc5f2c1ac44','36f73885-6b52-4004-9b1d-64485f2176d8','84af6ba0-b0d3-4253-aae9-4930d1b1ddc7','Olive Oil 1L Mini','High-quality olive oil 1l mini for everyday use.','SKU-63264',336.79,90,'pending','["https://picsum.photos/seed/27aa6f01/400/400"]'::jsonb,0,NULL);
INSERT INTO products (id,seller_id,category_id,title,description,sku,price,stock,status,images,sales_count,rating) VALUES ('6c525fb5-8544-4437-9f13-1d59ab9f64c5','2beaf4c9-4dcc-4e16-97e9-ec8a231a9afb','84af6ba0-b0d3-4253-aae9-4930d1b1ddc7','Plant Pot Set Mini','High-quality plant pot set mini for everyday use.','SKU-33509',488.33,207,'approved','["https://picsum.photos/seed/6c525fb5/400/400"]'::jsonb,451,4.12);
INSERT INTO products (id,seller_id,category_id,title,description,sku,price,stock,status,images,sales_count,rating) VALUES ('9d7b6abe-f643-4438-806e-65d53e25d017','36f73885-6b52-4004-9b1d-64485f2176d8','f7417bb2-b1df-4731-ae40-7beb2931f36f','Electric Toothbrush Lite','High-quality electric toothbrush lite for everyday use.','SKU-24168',433.38,207,'approved','["https://picsum.photos/seed/9d7b6abe/400/400"]'::jsonb,136,3.74);
INSERT INTO products (id,seller_id,category_id,title,description,sku,price,stock,status,images,sales_count,rating) VALUES ('99678b15-75db-428d-bc94-97fe85f8b2e5','9e80fdb4-88aa-4a87-adaf-a9cb23282919','79286632-720c-4264-bb2c-6b7d53e17377','Plant Pot Set XL','High-quality plant pot set xl for everyday use.','SKU-39831',118.98,209,'approved','["https://picsum.photos/seed/99678b15/400/400"]'::jsonb,179,3.96);
INSERT INTO products (id,seller_id,category_id,title,description,sku,price,stock,status,images,sales_count,rating) VALUES ('1dd55013-f18d-46bb-a09f-1879eccc7a84','ab95a0d4-23e7-4643-86fb-f67ec1ea7e1c','79286632-720c-4264-bb2c-6b7d53e17377','Olive Oil 1L Mini','High-quality olive oil 1l mini for everyday use.','SKU-56025',205.24,71,'approved','["https://picsum.photos/seed/1dd55013/400/400"]'::jsonb,495,4.66);
INSERT INTO products (id,seller_id,category_id,title,description,sku,price,stock,status,images,sales_count,rating) VALUES ('aed78a0c-10f2-4806-820f-817c26e226b8','9e80fdb4-88aa-4a87-adaf-a9cb23282919','88f6c1ff-ff05-4d58-9dbf-a813e3200895','Garden Hose 50ft Eco','High-quality garden hose 50ft eco for everyday use.','SKU-33405',172.25,7,'approved','["https://picsum.photos/seed/aed78a0c/400/400"]'::jsonb,449,4.96);
INSERT INTO products (id,seller_id,category_id,title,description,sku,price,stock,status,images,sales_count,rating) VALUES ('1e9cee8b-15ad-4fd1-874d-be5e58f60655','3e12fc01-7999-4048-80df-6a0086af48eb','79286632-720c-4264-bb2c-6b7d53e17377','Leather Wallet Eco','High-quality leather wallet eco for everyday use.','SKU-77033',222.93,186,'approved','["https://picsum.photos/seed/1e9cee8b/400/400"]'::jsonb,223,4.41);
INSERT INTO products (id,seller_id,category_id,title,description,sku,price,stock,status,images,sales_count,rating) VALUES ('6fb4fa17-3a5c-4f54-a319-ffdc2c1c66c6','b59782da-fd23-4226-8e44-a37d485d26c5','f7417bb2-b1df-4731-ae40-7beb2931f36f','Dog Food 10kg Eco','High-quality dog food 10kg eco for everyday use.','SKU-78146',103.13,11,'approved','["https://picsum.photos/seed/6fb4fa17/400/400"]'::jsonb,0,NULL);
INSERT INTO products (id,seller_id,category_id,title,description,sku,price,stock,status,images,sales_count,rating) VALUES ('79ba62a8-058f-4c41-a3f7-549e4b418b9f','ab95a0d4-23e7-4643-86fb-f67ec1ea7e1c','5ea4e7e4-94d3-4678-baef-cfd12e444fb7','Vitamin C Pack Plus','High-quality vitamin c pack plus for everyday use.','SKU-26334',474.94,235,'approved','["https://picsum.photos/seed/79ba62a8/400/400"]'::jsonb,319,3.97);
INSERT INTO products (id,seller_id,category_id,title,description,sku,price,stock,status,images,sales_count,rating) VALUES ('9b6938c3-e994-41d8-ba5a-58d63a684b64','3e12fc01-7999-4048-80df-6a0086af48eb','f186ef84-36e7-4e99-8fb4-5bc0a839b689','Backpack 30L Lite','High-quality backpack 30l lite for everyday use.','SKU-65108',210.1,103,'approved','["https://picsum.photos/seed/9b6938c3/400/400"]'::jsonb,283,3.69);
INSERT INTO products (id,seller_id,category_id,title,description,sku,price,stock,status,images,sales_count,rating) VALUES ('47547706-8441-48c0-948b-d682594778e0','9e80fdb4-88aa-4a87-adaf-a9cb23282919','88f6c1ff-ff05-4d58-9dbf-a813e3200895','Dash Cam HD Mini','High-quality dash cam hd mini for everyday use.','SKU-49829',311.59,77,'approved','["https://picsum.photos/seed/47547706/400/400"]'::jsonb,280,4.75);
INSERT INTO products (id,seller_id,category_id,title,description,sku,price,stock,status,images,sales_count,rating) VALUES ('713512a9-08d9-44ae-bf46-dd8b163f5206','3e12fc01-7999-4048-80df-6a0086af48eb','84af6ba0-b0d3-4253-aae9-4930d1b1ddc7','Vitamin C Pack','High-quality vitamin c pack for everyday use.','SKU-98555',294.18,167,'approved','["https://picsum.photos/seed/713512a9/400/400"]'::jsonb,238,4.16);
INSERT INTO products (id,seller_id,category_id,title,description,sku,price,stock,status,images,sales_count,rating) VALUES ('d55b2ee3-d0b6-4841-b42a-d51735e9ac0a','ab95a0d4-23e7-4643-86fb-f67ec1ea7e1c','f186ef84-36e7-4e99-8fb4-5bc0a839b689','Tennis Racket','High-quality tennis racket for everyday use.','SKU-77561',451.57,203,'approved','["https://picsum.photos/seed/d55b2ee3/400/400"]'::jsonb,337,3.63);
INSERT INTO products (id,seller_id,category_id,title,description,sku,price,stock,status,images,sales_count,rating) VALUES ('28fc120c-2079-4663-9f28-b361099300ce','36f73885-6b52-4004-9b1d-64485f2176d8','567fd9f2-6568-4a8c-95e7-de16840f534e','Garden Hose 50ft','High-quality garden hose 50ft for everyday use.','SKU-13201',125.08,79,'approved','["https://picsum.photos/seed/28fc120c/400/400"]'::jsonb,412,3.8);
INSERT INTO products (id,seller_id,category_id,title,description,sku,price,stock,status,images,sales_count,rating) VALUES ('3537ae79-c7bf-4ab5-a3ef-637df4c198db','5d34c408-427a-47e6-ad11-f31448b7af48','84af6ba0-b0d3-4253-aae9-4930d1b1ddc7','Tennis Racket Eco','High-quality tennis racket eco for everyday use.','SKU-85454',426.36,18,'approved','["https://picsum.photos/seed/3537ae79/400/400"]'::jsonb,212,4.83);
INSERT INTO products (id,seller_id,category_id,title,description,sku,price,stock,status,images,sales_count,rating) VALUES ('628d8079-8072-47eb-9eae-b22cbaffb747','ab95a0d4-23e7-4643-86fb-f67ec1ea7e1c','b71b7805-5016-4880-a871-94387b5556f1','Car Charger XL','High-quality car charger xl for everyday use.','SKU-23970',252.23,62,'approved','["https://picsum.photos/seed/628d8079/400/400"]'::jsonb,335,4.53);
INSERT INTO products (id,seller_id,category_id,title,description,sku,price,stock,status,images,sales_count,rating) VALUES ('ac3c3a71-0d25-42ba-8c1d-6bcf812922a4','9e80fdb4-88aa-4a87-adaf-a9cb23282919','84af6ba0-b0d3-4253-aae9-4930d1b1ddc7','Yoga Mat Premium','High-quality yoga mat premium for everyday use.','SKU-25906',479.39,132,'approved','["https://picsum.photos/seed/ac3c3a71/400/400"]'::jsonb,25,4.34);
INSERT INTO products (id,seller_id,category_id,title,description,sku,price,stock,status,images,sales_count,rating) VALUES ('0fe0b66e-20c8-4852-8e42-08e6e61fdd02','27cc7b6b-164e-4cb7-8683-58f2ebba3aee','cf680d8b-8552-41d5-89bd-c88ffd7a6eb7','Electric Toothbrush XL','High-quality electric toothbrush xl for everyday use.','SKU-51588',337.1,143,'rejected','["https://picsum.photos/seed/0fe0b66e/400/400"]'::jsonb,0,NULL);
INSERT INTO products (id,seller_id,category_id,title,description,sku,price,stock,status,images,sales_count,rating) VALUES ('e656698a-447f-4641-97fc-a25e135e2646','27cc7b6b-164e-4cb7-8683-58f2ebba3aee','1954e3c2-73f7-44e7-a1cb-42ca1cb9b2ad','Garden Hose 50ft Lite','High-quality garden hose 50ft lite for everyday use.','SKU-68446',447.08,109,'pending','["https://picsum.photos/seed/e656698a/400/400"]'::jsonb,0,NULL);
INSERT INTO products (id,seller_id,category_id,title,description,sku,price,stock,status,images,sales_count,rating) VALUES ('dce8e049-962c-49e5-bd48-504eae8bf271','2beaf4c9-4dcc-4e16-97e9-ec8a231a9afb','b71b7805-5016-4880-a871-94387b5556f1','Plant Pot Set XL','High-quality plant pot set xl for everyday use.','SKU-78327',230.52,192,'approved','["https://picsum.photos/seed/dce8e049/400/400"]'::jsonb,430,4.46);
INSERT INTO products (id,seller_id,category_id,title,description,sku,price,stock,status,images,sales_count,rating) VALUES ('ee296b36-62a2-4be4-bdbb-871cb5ad05f2','27cc7b6b-164e-4cb7-8683-58f2ebba3aee','88f6c1ff-ff05-4d58-9dbf-a813e3200895','Desk Lamp LED Pro','High-quality desk lamp led pro for everyday use.','SKU-51904',225.53,182,'approved','["https://picsum.photos/seed/ee296b36/400/400"]'::jsonb,120,3.91);
INSERT INTO products (id,seller_id,category_id,title,description,sku,price,stock,status,images,sales_count,rating) VALUES ('913f806f-6d69-4593-bdfb-0de0c8f5fe15','b59782da-fd23-4226-8e44-a37d485d26c5','cf680d8b-8552-41d5-89bd-c88ffd7a6eb7','Ceramic Mug Set Mini','High-quality ceramic mug set mini for everyday use.','SKU-53369',197.68,39,'approved','["https://picsum.photos/seed/913f806f/400/400"]'::jsonb,32,4.12);
INSERT INTO products (id,seller_id,category_id,title,description,sku,price,stock,status,images,sales_count,rating) VALUES ('c1f3710d-1612-462d-a8be-3b89a8b039f2','27cc7b6b-164e-4cb7-8683-58f2ebba3aee','f7417bb2-b1df-4731-ae40-7beb2931f36f','Smart Watch Pro Mini','High-quality smart watch pro mini for everyday use.','SKU-12560',418.11,99,'rejected','["https://picsum.photos/seed/c1f3710d/400/400"]'::jsonb,0,NULL);
INSERT INTO products (id,seller_id,category_id,title,description,sku,price,stock,status,images,sales_count,rating) VALUES ('ac4defe5-3584-418e-95a5-1696680840ff','9e80fdb4-88aa-4a87-adaf-a9cb23282919','b4a8423b-c293-46ac-bcb7-afcc83bf6bcb','Wireless Headphones Pro','High-quality wireless headphones pro for everyday use.','SKU-81582',156.31,99,'approved','["https://picsum.photos/seed/ac4defe5/400/400"]'::jsonb,275,4.62);
INSERT INTO products (id,seller_id,category_id,title,description,sku,price,stock,status,images,sales_count,rating) VALUES ('d52aad4b-87d2-4a9d-9ddd-df5c6ff96f84','ab95a0d4-23e7-4643-86fb-f67ec1ea7e1c','b4a8423b-c293-46ac-bcb7-afcc83bf6bcb','Desk Lamp LED Pro','High-quality desk lamp led pro for everyday use.','SKU-62994',223.55,7,'approved','["https://picsum.photos/seed/d52aad4b/400/400"]'::jsonb,172,4.5);
INSERT INTO products (id,seller_id,category_id,title,description,sku,price,stock,status,images,sales_count,rating) VALUES ('ca01af03-70d1-45a3-b71c-b9664fdf4ee5','2beaf4c9-4dcc-4e16-97e9-ec8a231a9afb','b4a8423b-c293-46ac-bcb7-afcc83bf6bcb','Cat Tree Mini','High-quality cat tree mini for everyday use.','SKU-83975',490.54,136,'approved','["https://picsum.photos/seed/ca01af03/400/400"]'::jsonb,464,4.09);
INSERT INTO products (id,seller_id,category_id,title,description,sku,price,stock,status,images,sales_count,rating) VALUES ('1c629f87-c764-444e-9ca5-538eeb27fa2e','5d34c408-427a-47e6-ad11-f31448b7af48','567fd9f2-6568-4a8c-95e7-de16840f534e','Organic Honey XL','High-quality organic honey xl for everyday use.','SKU-52906',76.48,118,'approved','["https://picsum.photos/seed/1c629f87/400/400"]'::jsonb,25,3.89);
INSERT INTO products (id,seller_id,category_id,title,description,sku,price,stock,status,images,sales_count,rating) VALUES ('3cfbab46-986a-426b-8076-e7bc1a251ff2','ab95a0d4-23e7-4643-86fb-f67ec1ea7e1c','b4a8423b-c293-46ac-bcb7-afcc83bf6bcb','Coffee Grinder Pro','High-quality coffee grinder pro for everyday use.','SKU-65255',382.99,97,'approved','["https://picsum.photos/seed/3cfbab46/400/400"]'::jsonb,385,4.93);
INSERT INTO products (id,seller_id,category_id,title,description,sku,price,stock,status,images,sales_count,rating) VALUES ('a17cd81b-b9f6-43a0-9913-0b8d599effd0','3e12fc01-7999-4048-80df-6a0086af48eb','567fd9f2-6568-4a8c-95e7-de16840f534e','Tennis Racket Plus','High-quality tennis racket plus for everyday use.','SKU-95426',377.01,13,'approved','["https://picsum.photos/seed/a17cd81b/400/400"]'::jsonb,114,4.48);
INSERT INTO products (id,seller_id,category_id,title,description,sku,price,stock,status,images,sales_count,rating) VALUES ('19e34881-4ee3-4d3f-9547-396112071661','5d34c408-427a-47e6-ad11-f31448b7af48','79286632-720c-4264-bb2c-6b7d53e17377','Desk Lamp LED Mini','High-quality desk lamp led mini for everyday use.','SKU-97747',421.21,159,'approved','["https://picsum.photos/seed/19e34881/400/400"]'::jsonb,122,3.69);
INSERT INTO products (id,seller_id,category_id,title,description,sku,price,stock,status,images,sales_count,rating) VALUES ('518acb8b-c14e-467e-a644-c7e3f1c85a54','b59782da-fd23-4226-8e44-a37d485d26c5','1954e3c2-73f7-44e7-a1cb-42ca1cb9b2ad','Running Shoes XL','High-quality running shoes xl for everyday use.','SKU-25012',352.73,196,'approved','["https://picsum.photos/seed/518acb8b/400/400"]'::jsonb,85,4.41);
INSERT INTO products (id,seller_id,category_id,title,description,sku,price,stock,status,images,sales_count,rating) VALUES ('cc0fc6dd-e247-46ea-8435-83c8ee761385','2beaf4c9-4dcc-4e16-97e9-ec8a231a9afb','e3a572bb-d061-44ed-b1c9-521ed055bd54','Leather Wallet Eco','High-quality leather wallet eco for everyday use.','SKU-98781',22.57,79,'rejected','["https://picsum.photos/seed/cc0fc6dd/400/400"]'::jsonb,0,NULL);
INSERT INTO products (id,seller_id,category_id,title,description,sku,price,stock,status,images,sales_count,rating) VALUES ('b635c4e9-b540-44e6-997f-01dd85b1da0e','9e80fdb4-88aa-4a87-adaf-a9cb23282919','f7417bb2-b1df-4731-ae40-7beb2931f36f','Car Charger Mini','High-quality car charger mini for everyday use.','SKU-49529',47.23,176,'approved','["https://picsum.photos/seed/b635c4e9/400/400"]'::jsonb,52,4.55);
INSERT INTO products (id,seller_id,category_id,title,description,sku,price,stock,status,images,sales_count,rating) VALUES ('418d6841-c551-47d5-afeb-605623ecf2e6','b59782da-fd23-4226-8e44-a37d485d26c5','1954e3c2-73f7-44e7-a1cb-42ca1cb9b2ad','Electric Toothbrush Plus','High-quality electric toothbrush plus for everyday use.','SKU-54725',180.12,109,'approved','["https://picsum.photos/seed/418d6841/400/400"]'::jsonb,35,4.26);
INSERT INTO orders (id,shopper_id,seller_id,subtotal,shipping,discount,total,status,payment_status,shipping_status,payment_method,carrier,tracking_number,shipping_address,created_at,updated_at) VALUES ('35840c31-d4d1-46e6-b0dd-925f2d4d0fe2','da346bbe-af09-4201-8b17-def3c40ed4e2','9e80fdb4-88aa-4a87-adaf-a9cb23282919',661.42,2.64,63.55,600.51,'refunded','failed','delivered','paypal','FedEx','TRK782054','{"line1":"752 Main St","city":"Berlin","country":"DE","zip":"78386"}'::jsonb, now() - interval '19 days', now() - interval '17 days');
INSERT INTO order_items (order_id,product_id,qty,price) VALUES ('35840c31-d4d1-46e6-b0dd-925f2d4d0fe2','28fc120c-2079-4663-9f28-b361099300ce',3,157.18);
INSERT INTO order_items (order_id,product_id,qty,price) VALUES ('35840c31-d4d1-46e6-b0dd-925f2d4d0fe2','99678b15-75db-428d-bc94-97fe85f8b2e5',2,166.89);
INSERT INTO order_items (order_id,product_id,qty,price) VALUES ('35840c31-d4d1-46e6-b0dd-925f2d4d0fe2','713512a9-08d9-44ae-bf46-dd8b163f5206',2,71.24);
INSERT INTO orders (id,shopper_id,seller_id,subtotal,shipping,discount,total,status,payment_status,shipping_status,payment_method,carrier,tracking_number,shipping_address,created_at,updated_at) VALUES ('5bc37b21-9d18-4863-982e-1539c3477b8a','03f3c993-dd22-4430-84f5-8b8ae4632538','b59782da-fd23-4226-8e44-a37d485d26c5',237.56,11.27,17.83,231.0,'cancelled','pending','not_shipped','paypal','UPS','TRK322423','{"line1":"187 Main St","city":"Berlin","country":"DE","zip":"73904"}'::jsonb, now() - interval '3 days', now() - interval '1 days');
INSERT INTO order_items (order_id,product_id,qty,price) VALUES ('5bc37b21-9d18-4863-982e-1539c3477b8a','ca01af03-70d1-45a3-b71c-b9664fdf4ee5',2,74.66);
INSERT INTO order_items (order_id,product_id,qty,price) VALUES ('5bc37b21-9d18-4863-982e-1539c3477b8a','518acb8b-c14e-467e-a644-c7e3f1c85a54',3,143.22);
INSERT INTO order_items (order_id,product_id,qty,price) VALUES ('5bc37b21-9d18-4863-982e-1539c3477b8a','64e478f9-406c-4576-9419-5785a066cefb',3,11.93);
INSERT INTO orders (id,shopper_id,seller_id,subtotal,shipping,discount,total,status,payment_status,shipping_status,payment_method,carrier,tracking_number,shipping_address,created_at,updated_at) VALUES ('2fea675b-fa85-4050-90d7-4c809761cd35','f7317c06-75df-4c51-948d-5ef1dd3568b7','b59782da-fd23-4226-8e44-a37d485d26c5',208.26,10.16,11.56,206.86,'delivered','paid','delivered','paypal','Aramex','TRK197573','{"line1":"459 Main St","city":"Berlin","country":"DE","zip":"12260"}'::jsonb, now() - interval '88 days', now() - interval '86 days');
INSERT INTO order_items (order_id,product_id,qty,price) VALUES ('2fea675b-fa85-4050-90d7-4c809761cd35','372bc6b5-b692-48ee-a519-467a860ddc61',2,141.44);
INSERT INTO order_items (order_id,product_id,qty,price) VALUES ('2fea675b-fa85-4050-90d7-4c809761cd35','5adeb11f-c34f-4237-9825-4f58d77afd4c',3,120.5);
INSERT INTO order_items (order_id,product_id,qty,price) VALUES ('2fea675b-fa85-4050-90d7-4c809761cd35','1dd55013-f18d-46bb-a09f-1879eccc7a84',3,110.88);
INSERT INTO orders (id,shopper_id,seller_id,subtotal,shipping,discount,total,status,payment_status,shipping_status,payment_method,carrier,tracking_number,shipping_address,created_at,updated_at) VALUES ('7b04d8ee-f726-46e9-a94b-e090b588d1ac','091c1680-e499-40aa-a400-0240f0edf2e2','36f73885-6b52-4004-9b1d-64485f2176d8',294.41,11.34,9.03,296.72,'delivered','paid','delivered','wallet','FedEx','TRK878967','{"line1":"324 Main St","city":"Berlin","country":"DE","zip":"25670"}'::jsonb, now() - interval '15 days', now() - interval '13 days');
INSERT INTO order_items (order_id,product_id,qty,price) VALUES ('7b04d8ee-f726-46e9-a94b-e090b588d1ac','0d73cb52-cb11-48d5-996f-344c8ac41ef9',1,150.33);
INSERT INTO order_items (order_id,product_id,qty,price) VALUES ('7b04d8ee-f726-46e9-a94b-e090b588d1ac','64e478f9-406c-4576-9419-5785a066cefb',3,122.02);
INSERT INTO orders (id,shopper_id,seller_id,subtotal,shipping,discount,total,status,payment_status,shipping_status,payment_method,carrier,tracking_number,shipping_address,created_at,updated_at) VALUES ('9548b00e-ff9c-4364-8cc2-85e60041af98','e9cbeef7-1536-490b-9edb-967715af55c2','3e12fc01-7999-4048-80df-6a0086af48eb',784.8,20.82,23.25,782.37,'delivered','paid','delivered','paypal','DHL','TRK232731','{"line1":"726 Main St","city":"Berlin","country":"DE","zip":"80010"}'::jsonb, now() - interval '22 days', now() - interval '20 days');
INSERT INTO order_items (order_id,product_id,qty,price) VALUES ('9548b00e-ff9c-4364-8cc2-85e60041af98','6c09bbfa-884c-4c52-bbff-4042799c5f13',1,115.14);
INSERT INTO order_items (order_id,product_id,qty,price) VALUES ('9548b00e-ff9c-4364-8cc2-85e60041af98','e656698a-447f-4641-97fc-a25e135e2646',1,131.2);
INSERT INTO order_items (order_id,product_id,qty,price) VALUES ('9548b00e-ff9c-4364-8cc2-85e60041af98','c1f3710d-1612-462d-a8be-3b89a8b039f2',2,29.49);
INSERT INTO orders (id,shopper_id,seller_id,subtotal,shipping,discount,total,status,payment_status,shipping_status,payment_method,carrier,tracking_number,shipping_address,created_at,updated_at) VALUES ('b13892de-56d1-4282-97a1-465f95e11e7b','da346bbe-af09-4201-8b17-def3c40ed4e2','3e12fc01-7999-4048-80df-6a0086af48eb',386.13,11.01,7.12,390.02,'pending','pending','not_shipped','card','DHL','TRK177680','{"line1":"411 Main St","city":"Berlin","country":"DE","zip":"74454"}'::jsonb, now() - interval '61 days', now() - interval '59 days');
INSERT INTO order_items (order_id,product_id,qty,price) VALUES ('b13892de-56d1-4282-97a1-465f95e11e7b','9198edd6-d4f6-4419-ad25-c7a29cf60826',1,164.12);
INSERT INTO orders (id,shopper_id,seller_id,subtotal,shipping,discount,total,status,payment_status,shipping_status,payment_method,carrier,tracking_number,shipping_address,created_at,updated_at) VALUES ('aff8e7df-2fe9-46eb-b3a1-85710f36e314','fdab51f4-d55e-4dd4-abc4-1f2109434982','b59782da-fd23-4226-8e44-a37d485d26c5',795.26,2.96,60.79,737.43,'delivered','paid','delivered','paypal','Aramex','TRK411797','{"line1":"931 Main St","city":"Berlin","country":"DE","zip":"68028"}'::jsonb, now() - interval '66 days', now() - interval '64 days');
INSERT INTO order_items (order_id,product_id,qty,price) VALUES ('aff8e7df-2fe9-46eb-b3a1-85710f36e314','5adeb11f-c34f-4237-9825-4f58d77afd4c',3,128.0);
INSERT INTO order_items (order_id,product_id,qty,price) VALUES ('aff8e7df-2fe9-46eb-b3a1-85710f36e314','28fc120c-2079-4663-9f28-b361099300ce',3,28.85);
INSERT INTO order_items (order_id,product_id,qty,price) VALUES ('aff8e7df-2fe9-46eb-b3a1-85710f36e314','c1f3710d-1612-462d-a8be-3b89a8b039f2',1,128.85);
INSERT INTO order_items (order_id,product_id,qty,price) VALUES ('aff8e7df-2fe9-46eb-b3a1-85710f36e314','b88a23d9-b0ba-4897-afc8-9115ec89b5cb',3,25.43);
INSERT INTO orders (id,shopper_id,seller_id,subtotal,shipping,discount,total,status,payment_status,shipping_status,payment_method,carrier,tracking_number,shipping_address,created_at,updated_at) VALUES ('7ec33570-22b8-467e-b862-b283476efca3','03f3c993-dd22-4430-84f5-8b8ae4632538','2beaf4c9-4dcc-4e16-97e9-ec8a231a9afb',450.55,3.91,18.41,436.05,'refunded','pending','delivered','card','UPS','TRK837135','{"line1":"724 Main St","city":"Berlin","country":"DE","zip":"47056"}'::jsonb, now() - interval '4 days', now() - interval '2 days');
INSERT INTO order_items (order_id,product_id,qty,price) VALUES ('7ec33570-22b8-467e-b862-b283476efca3','f61844a1-6160-4afc-9703-e40bc90851a1',3,54.35);
INSERT INTO order_items (order_id,product_id,qty,price) VALUES ('7ec33570-22b8-467e-b862-b283476efca3','b88a23d9-b0ba-4897-afc8-9115ec89b5cb',3,122.06);
INSERT INTO order_items (order_id,product_id,qty,price) VALUES ('7ec33570-22b8-467e-b862-b283476efca3','ca01af03-70d1-45a3-b71c-b9664fdf4ee5',1,90.78);
INSERT INTO order_items (order_id,product_id,qty,price) VALUES ('7ec33570-22b8-467e-b862-b283476efca3','79ba62a8-058f-4c41-a3f7-549e4b418b9f',1,133.05);
INSERT INTO orders (id,shopper_id,seller_id,subtotal,shipping,discount,total,status,payment_status,shipping_status,payment_method,carrier,tracking_number,shipping_address,created_at,updated_at) VALUES ('773c278b-5d85-40c8-82db-adeea70becd1','eadb7efa-2769-4502-84ba-91cbcfe91719','2beaf4c9-4dcc-4e16-97e9-ec8a231a9afb',75.7,4.15,2.33,77.52,'delivered','paid','delivered','card','Aramex','TRK833723','{"line1":"706 Main St","city":"Berlin","country":"DE","zip":"49857"}'::jsonb, now() - interval '56 days', now() - interval '54 days');
INSERT INTO order_items (order_id,product_id,qty,price) VALUES ('773c278b-5d85-40c8-82db-adeea70becd1','64e478f9-406c-4576-9419-5785a066cefb',3,112.6);
INSERT INTO order_items (order_id,product_id,qty,price) VALUES ('773c278b-5d85-40c8-82db-adeea70becd1','9d7b6abe-f643-4438-806e-65d53e25d017',1,123.63);
INSERT INTO order_items (order_id,product_id,qty,price) VALUES ('773c278b-5d85-40c8-82db-adeea70becd1','518acb8b-c14e-467e-a644-c7e3f1c85a54',2,149.56);
INSERT INTO order_items (order_id,product_id,qty,price) VALUES ('773c278b-5d85-40c8-82db-adeea70becd1','d55b2ee3-d0b6-4841-b42a-d51735e9ac0a',2,14.91);
INSERT INTO orders (id,shopper_id,seller_id,subtotal,shipping,discount,total,status,payment_status,shipping_status,payment_method,carrier,tracking_number,shipping_address,created_at,updated_at) VALUES ('cd96409c-1263-45e7-a6ca-2fbb4aca7403','03f3c993-dd22-4430-84f5-8b8ae4632538','5d34c408-427a-47e6-ad11-f31448b7af48',799.67,16.81,21.55,794.93,'pending','paid','not_shipped','wallet','Aramex','TRK290305','{"line1":"939 Main St","city":"Berlin","country":"DE","zip":"46458"}'::jsonb, now() - interval '60 days', now() - interval '58 days');
INSERT INTO order_items (order_id,product_id,qty,price) VALUES ('cd96409c-1263-45e7-a6ca-2fbb4aca7403','3537ae79-c7bf-4ab5-a3ef-637df4c198db',2,194.12);
INSERT INTO order_items (order_id,product_id,qty,price) VALUES ('cd96409c-1263-45e7-a6ca-2fbb4aca7403','1dd55013-f18d-46bb-a09f-1879eccc7a84',2,87.59);
INSERT INTO order_items (order_id,product_id,qty,price) VALUES ('cd96409c-1263-45e7-a6ca-2fbb4aca7403','14ca55a9-4ded-4d05-b2b2-9e15c9aca7f3',3,29.87);
INSERT INTO order_items (order_id,product_id,qty,price) VALUES ('cd96409c-1263-45e7-a6ca-2fbb4aca7403','c8806730-b840-4864-b22a-1c2ecef7d7de',2,88.21);
INSERT INTO orders (id,shopper_id,seller_id,subtotal,shipping,discount,total,status,payment_status,shipping_status,payment_method,carrier,tracking_number,shipping_address,created_at,updated_at) VALUES ('8e30772a-c4e0-4a90-8116-deeb7a90355c','60d999ff-84af-4bf7-aba4-366ea674cd97','3e12fc01-7999-4048-80df-6a0086af48eb',536.82,10.01,40.83,506.0,'pending','pending','not_shipped','paypal','UPS','TRK910075','{"line1":"332 Main St","city":"Berlin","country":"DE","zip":"25194"}'::jsonb, now() - interval '11 days', now() - interval '9 days');
INSERT INTO order_items (order_id,product_id,qty,price) VALUES ('8e30772a-c4e0-4a90-8116-deeb7a90355c','19e34881-4ee3-4d3f-9547-396112071661',3,166.74);
INSERT INTO order_items (order_id,product_id,qty,price) VALUES ('8e30772a-c4e0-4a90-8116-deeb7a90355c','75c09184-ffc9-47d1-b8f7-96adbca580ce',3,175.18);
INSERT INTO order_items (order_id,product_id,qty,price) VALUES ('8e30772a-c4e0-4a90-8116-deeb7a90355c','99678b15-75db-428d-bc94-97fe85f8b2e5',2,20.3);
INSERT INTO order_items (order_id,product_id,qty,price) VALUES ('8e30772a-c4e0-4a90-8116-deeb7a90355c','6fb4fa17-3a5c-4f54-a319-ffdc2c1c66c6',2,128.3);
INSERT INTO orders (id,shopper_id,seller_id,subtotal,shipping,discount,total,status,payment_status,shipping_status,payment_method,carrier,tracking_number,shipping_address,created_at,updated_at) VALUES ('c555d58f-1a80-46ce-bf51-13462d7bc373','60d999ff-84af-4bf7-aba4-366ea674cd97','27cc7b6b-164e-4cb7-8683-58f2ebba3aee',612.79,5.09,33.66,584.22,'delivered','paid','delivered','wallet','Aramex','TRK760626','{"line1":"125 Main St","city":"Berlin","country":"DE","zip":"13783"}'::jsonb, now() - interval '56 days', now() - interval '54 days');
INSERT INTO order_items (order_id,product_id,qty,price) VALUES ('c555d58f-1a80-46ce-bf51-13462d7bc373','dce8e049-962c-49e5-bd48-504eae8bf271',1,69.04);
INSERT INTO order_items (order_id,product_id,qty,price) VALUES ('c555d58f-1a80-46ce-bf51-13462d7bc373','75c09184-ffc9-47d1-b8f7-96adbca580ce',3,87.52);
INSERT INTO orders (id,shopper_id,seller_id,subtotal,shipping,discount,total,status,payment_status,shipping_status,payment_method,carrier,tracking_number,shipping_address,created_at,updated_at) VALUES ('3b34dfdf-cd26-4604-a7fa-51ded64382be','03f3c993-dd22-4430-84f5-8b8ae4632538','b59782da-fd23-4226-8e44-a37d485d26c5',379.93,2.94,31.62,351.25,'refunded','failed','delivered','wallet','UPS','TRK595158','{"line1":"426 Main St","city":"Berlin","country":"DE","zip":"73242"}'::jsonb, now() - interval '37 days', now() - interval '35 days');
INSERT INTO order_items (order_id,product_id,qty,price) VALUES ('3b34dfdf-cd26-4604-a7fa-51ded64382be','99678b15-75db-428d-bc94-97fe85f8b2e5',3,37.48);
INSERT INTO order_items (order_id,product_id,qty,price) VALUES ('3b34dfdf-cd26-4604-a7fa-51ded64382be','0d73cb52-cb11-48d5-996f-344c8ac41ef9',3,106.57);
INSERT INTO orders (id,shopper_id,seller_id,subtotal,shipping,discount,total,status,payment_status,shipping_status,payment_method,carrier,tracking_number,shipping_address,created_at,updated_at) VALUES ('5406aa07-447e-455e-b94d-4f449508094a','5919aa48-f90f-41e2-8820-781df9872d8c','b59782da-fd23-4226-8e44-a37d485d26c5',235.47,19.75,9.77,245.45,'delivered','paid','delivered','paypal','UPS','TRK708093','{"line1":"858 Main St","city":"Berlin","country":"DE","zip":"86931"}'::jsonb, now() - interval '0 days', now() - interval '0 days');
INSERT INTO order_items (order_id,product_id,qty,price) VALUES ('5406aa07-447e-455e-b94d-4f449508094a','19e34881-4ee3-4d3f-9547-396112071661',1,94.84);
INSERT INTO order_items (order_id,product_id,qty,price) VALUES ('5406aa07-447e-455e-b94d-4f449508094a','1dd55013-f18d-46bb-a09f-1879eccc7a84',2,73.16);
INSERT INTO order_items (order_id,product_id,qty,price) VALUES ('5406aa07-447e-455e-b94d-4f449508094a','c1f3710d-1612-462d-a8be-3b89a8b039f2',3,81.67);
INSERT INTO order_items (order_id,product_id,qty,price) VALUES ('5406aa07-447e-455e-b94d-4f449508094a','418d6841-c551-47d5-afeb-605623ecf2e6',2,175.22);
INSERT INTO orders (id,shopper_id,seller_id,subtotal,shipping,discount,total,status,payment_status,shipping_status,payment_method,carrier,tracking_number,shipping_address,created_at,updated_at) VALUES ('b7957e3d-23c4-4499-ac65-124696ed4754','03f3c993-dd22-4430-84f5-8b8ae4632538','9e80fdb4-88aa-4a87-adaf-a9cb23282919',202.18,19.39,0.88,220.69,'refunded','failed','delivered','paypal','FedEx','TRK232378','{"line1":"508 Main St","city":"Berlin","country":"DE","zip":"14852"}'::jsonb, now() - interval '48 days', now() - interval '46 days');
INSERT INTO order_items (order_id,product_id,qty,price) VALUES ('b7957e3d-23c4-4499-ac65-124696ed4754','19e34881-4ee3-4d3f-9547-396112071661',1,176.1);
INSERT INTO order_items (order_id,product_id,qty,price) VALUES ('b7957e3d-23c4-4499-ac65-124696ed4754','9d7b6abe-f643-4438-806e-65d53e25d017',1,109.93);
INSERT INTO order_items (order_id,product_id,qty,price) VALUES ('b7957e3d-23c4-4499-ac65-124696ed4754','99678b15-75db-428d-bc94-97fe85f8b2e5',1,147.26);
INSERT INTO orders (id,shopper_id,seller_id,subtotal,shipping,discount,total,status,payment_status,shipping_status,payment_method,carrier,tracking_number,shipping_address,created_at,updated_at) VALUES ('fe20f9b2-003d-46b3-b33c-c2c5afdf0c16','091c1680-e499-40aa-a400-0240f0edf2e2','2beaf4c9-4dcc-4e16-97e9-ec8a231a9afb',78.37,19.54,2.08,95.83,'cancelled','failed','not_shipped','paypal','Aramex','TRK757246','{"line1":"978 Main St","city":"Berlin","country":"DE","zip":"51505"}'::jsonb, now() - interval '10 days', now() - interval '8 days');
INSERT INTO order_items (order_id,product_id,qty,price) VALUES ('fe20f9b2-003d-46b3-b33c-c2c5afdf0c16','19e34881-4ee3-4d3f-9547-396112071661',3,16.82);
INSERT INTO order_items (order_id,product_id,qty,price) VALUES ('fe20f9b2-003d-46b3-b33c-c2c5afdf0c16','f61844a1-6160-4afc-9703-e40bc90851a1',1,129.92);
INSERT INTO order_items (order_id,product_id,qty,price) VALUES ('fe20f9b2-003d-46b3-b33c-c2c5afdf0c16','b635c4e9-b540-44e6-997f-01dd85b1da0e',2,199.51);
INSERT INTO order_items (order_id,product_id,qty,price) VALUES ('fe20f9b2-003d-46b3-b33c-c2c5afdf0c16','913f806f-6d69-4593-bdfb-0de0c8f5fe15',1,92.45);
INSERT INTO orders (id,shopper_id,seller_id,subtotal,shipping,discount,total,status,payment_status,shipping_status,payment_method,carrier,tracking_number,shipping_address,created_at,updated_at) VALUES ('35d326ea-0ed3-4288-840e-230c1544443f','90708a35-a169-4369-94f4-8aa3f4f98278','b59782da-fd23-4226-8e44-a37d485d26c5',366.07,17.35,33.07,350.35,'pending','pending','not_shipped','paypal','UPS','TRK252640','{"line1":"384 Main St","city":"Berlin","country":"DE","zip":"66450"}'::jsonb, now() - interval '7 days', now() - interval '5 days');
INSERT INTO order_items (order_id,product_id,qty,price) VALUES ('35d326ea-0ed3-4288-840e-230c1544443f','6fb4fa17-3a5c-4f54-a319-ffdc2c1c66c6',2,117.53);
INSERT INTO order_items (order_id,product_id,qty,price) VALUES ('35d326ea-0ed3-4288-840e-230c1544443f','d52aad4b-87d2-4a9d-9ddd-df5c6ff96f84',1,42.3);
INSERT INTO orders (id,shopper_id,seller_id,subtotal,shipping,discount,total,status,payment_status,shipping_status,payment_method,carrier,tracking_number,shipping_address,created_at,updated_at) VALUES ('d6eff187-ecb2-4cf6-9166-1c3c8febf279','7c889b7d-2db9-4b86-9d03-46afee13d5c3','9e80fdb4-88aa-4a87-adaf-a9cb23282919',503.37,6.02,45.95,463.44,'shipped','paid','in_transit','paypal','UPS','TRK799233','{"line1":"471 Main St","city":"Berlin","country":"DE","zip":"43466"}'::jsonb, now() - interval '29 days', now() - interval '27 days');
INSERT INTO order_items (order_id,product_id,qty,price) VALUES ('d6eff187-ecb2-4cf6-9166-1c3c8febf279','cc0fc6dd-e247-46ea-8435-83c8ee761385',2,181.23);
INSERT INTO orders (id,shopper_id,seller_id,subtotal,shipping,discount,total,status,payment_status,shipping_status,payment_method,carrier,tracking_number,shipping_address,created_at,updated_at) VALUES ('48fcd4cb-477b-4323-a388-b9b900958e0c','fadddecc-8835-45bc-bd74-7d2b6093a2bd','2beaf4c9-4dcc-4e16-97e9-ec8a231a9afb',77.61,23.63,7.67,93.57,'delivered','paid','delivered','paypal','UPS','TRK308894','{"line1":"468 Main St","city":"Berlin","country":"DE","zip":"49599"}'::jsonb, now() - interval '81 days', now() - interval '79 days');
INSERT INTO order_items (order_id,product_id,qty,price) VALUES ('48fcd4cb-477b-4323-a388-b9b900958e0c','a17cd81b-b9f6-43a0-9913-0b8d599effd0',2,30.26);
INSERT INTO order_items (order_id,product_id,qty,price) VALUES ('48fcd4cb-477b-4323-a388-b9b900958e0c','8a018027-1cca-4061-8e74-f6e2375c3337',3,78.2);
INSERT INTO order_items (order_id,product_id,qty,price) VALUES ('48fcd4cb-477b-4323-a388-b9b900958e0c','f84fd632-28e9-4fa7-bcda-01ec9ddff84d',3,66.09);
INSERT INTO order_items (order_id,product_id,qty,price) VALUES ('48fcd4cb-477b-4323-a388-b9b900958e0c','3cfbab46-986a-426b-8076-e7bc1a251ff2',3,85.2);
INSERT INTO orders (id,shopper_id,seller_id,subtotal,shipping,discount,total,status,payment_status,shipping_status,payment_method,carrier,tracking_number,shipping_address,created_at,updated_at) VALUES ('47a1f1e1-a5f5-42f1-b7a9-54b89969d1be','da346bbe-af09-4201-8b17-def3c40ed4e2','5d34c408-427a-47e6-ad11-f31448b7af48',730.28,18.63,60.82,688.09,'delivered','paid','delivered','wallet','UPS','TRK299367','{"line1":"225 Main St","city":"Berlin","country":"DE","zip":"93442"}'::jsonb, now() - interval '29 days', now() - interval '27 days');
INSERT INTO order_items (order_id,product_id,qty,price) VALUES ('47a1f1e1-a5f5-42f1-b7a9-54b89969d1be','0fe0b66e-20c8-4852-8e42-08e6e61fdd02',3,155.82);
INSERT INTO order_items (order_id,product_id,qty,price) VALUES ('47a1f1e1-a5f5-42f1-b7a9-54b89969d1be','0fe0b66e-20c8-4852-8e42-08e6e61fdd02',1,129.37);
INSERT INTO order_items (order_id,product_id,qty,price) VALUES ('47a1f1e1-a5f5-42f1-b7a9-54b89969d1be','cc0fc6dd-e247-46ea-8435-83c8ee761385',3,132.8);
INSERT INTO orders (id,shopper_id,seller_id,subtotal,shipping,discount,total,status,payment_status,shipping_status,payment_method,carrier,tracking_number,shipping_address,created_at,updated_at) VALUES ('552d7fa8-8d88-4054-86ab-2fe9d24030bf','fdab51f4-d55e-4dd4-abc4-1f2109434982','27cc7b6b-164e-4cb7-8683-58f2ebba3aee',46.02,9.12,0.6,54.54,'delivered','paid','delivered','wallet','Aramex','TRK238579','{"line1":"180 Main St","city":"Berlin","country":"DE","zip":"36318"}'::jsonb, now() - interval '41 days', now() - interval '39 days');
INSERT INTO order_items (order_id,product_id,qty,price) VALUES ('552d7fa8-8d88-4054-86ab-2fe9d24030bf','6fb4fa17-3a5c-4f54-a319-ffdc2c1c66c6',3,183.56);
INSERT INTO order_items (order_id,product_id,qty,price) VALUES ('552d7fa8-8d88-4054-86ab-2fe9d24030bf','3cfbab46-986a-426b-8076-e7bc1a251ff2',1,58.82);
INSERT INTO order_items (order_id,product_id,qty,price) VALUES ('552d7fa8-8d88-4054-86ab-2fe9d24030bf','1c629f87-c764-444e-9ca5-538eeb27fa2e',2,193.8);
INSERT INTO orders (id,shopper_id,seller_id,subtotal,shipping,discount,total,status,payment_status,shipping_status,payment_method,carrier,tracking_number,shipping_address,created_at,updated_at) VALUES ('82e82b1c-3fb7-44c6-9e02-208f54750038','fdab51f4-d55e-4dd4-abc4-1f2109434982','36f73885-6b52-4004-9b1d-64485f2176d8',647.3,11.71,4.87,654.14,'delivered','paid','delivered','wallet','Aramex','TRK483542','{"line1":"991 Main St","city":"Berlin","country":"DE","zip":"83048"}'::jsonb, now() - interval '86 days', now() - interval '84 days');
INSERT INTO order_items (order_id,product_id,qty,price) VALUES ('82e82b1c-3fb7-44c6-9e02-208f54750038','d52aad4b-87d2-4a9d-9ddd-df5c6ff96f84',2,12.64);
INSERT INTO orders (id,shopper_id,seller_id,subtotal,shipping,discount,total,status,payment_status,shipping_status,payment_method,carrier,tracking_number,shipping_address,created_at,updated_at) VALUES ('5e337b37-e282-45aa-b04b-43004c948af3','fadddecc-8835-45bc-bd74-7d2b6093a2bd','b59782da-fd23-4226-8e44-a37d485d26c5',374.73,16.82,25.19,366.36,'cancelled','failed','not_shipped','card','FedEx','TRK749641','{"line1":"483 Main St","city":"Berlin","country":"DE","zip":"13280"}'::jsonb, now() - interval '47 days', now() - interval '45 days');
INSERT INTO order_items (order_id,product_id,qty,price) VALUES ('5e337b37-e282-45aa-b04b-43004c948af3','b635c4e9-b540-44e6-997f-01dd85b1da0e',3,52.06);
INSERT INTO order_items (order_id,product_id,qty,price) VALUES ('5e337b37-e282-45aa-b04b-43004c948af3','f61844a1-6160-4afc-9703-e40bc90851a1',3,166.53);
INSERT INTO order_items (order_id,product_id,qty,price) VALUES ('5e337b37-e282-45aa-b04b-43004c948af3','b635c4e9-b540-44e6-997f-01dd85b1da0e',3,67.42);
INSERT INTO orders (id,shopper_id,seller_id,subtotal,shipping,discount,total,status,payment_status,shipping_status,payment_method,carrier,tracking_number,shipping_address,created_at,updated_at) VALUES ('72bc5cfc-6b2c-482f-9664-d83aa35cd8e7','091c1680-e499-40aa-a400-0240f0edf2e2','b59782da-fd23-4226-8e44-a37d485d26c5',129.03,23.66,3.93,148.76,'refunded','paid','delivered','card','FedEx','TRK489033','{"line1":"398 Main St","city":"Berlin","country":"DE","zip":"69459"}'::jsonb, now() - interval '12 days', now() - interval '10 days');
INSERT INTO order_items (order_id,product_id,qty,price) VALUES ('72bc5cfc-6b2c-482f-9664-d83aa35cd8e7','713512a9-08d9-44ae-bf46-dd8b163f5206',3,148.05);
INSERT INTO order_items (order_id,product_id,qty,price) VALUES ('72bc5cfc-6b2c-482f-9664-d83aa35cd8e7','518acb8b-c14e-467e-a644-c7e3f1c85a54',2,134.44);
INSERT INTO order_items (order_id,product_id,qty,price) VALUES ('72bc5cfc-6b2c-482f-9664-d83aa35cd8e7','3cfbab46-986a-426b-8076-e7bc1a251ff2',2,126.97);
INSERT INTO order_items (order_id,product_id,qty,price) VALUES ('72bc5cfc-6b2c-482f-9664-d83aa35cd8e7','64e478f9-406c-4576-9419-5785a066cefb',1,141.15);
INSERT INTO orders (id,shopper_id,seller_id,subtotal,shipping,discount,total,status,payment_status,shipping_status,payment_method,carrier,tracking_number,shipping_address,created_at,updated_at) VALUES ('0548aff4-8b80-4035-9524-737454cf8f57','f7317c06-75df-4c51-948d-5ef1dd3568b7','27cc7b6b-164e-4cb7-8683-58f2ebba3aee',366.86,5.9,13.31,359.45,'delivered','paid','delivered','wallet','UPS','TRK389282','{"line1":"63 Main St","city":"Berlin","country":"DE","zip":"62184"}'::jsonb, now() - interval '69 days', now() - interval '67 days');
INSERT INTO order_items (order_id,product_id,qty,price) VALUES ('0548aff4-8b80-4035-9524-737454cf8f57','b80c50d0-e26e-4260-8cfd-5f8679d90492',2,27.42);
INSERT INTO order_items (order_id,product_id,qty,price) VALUES ('0548aff4-8b80-4035-9524-737454cf8f57','c63763f2-662e-4081-99b8-6659b7dbb8dd',3,131.5);
INSERT INTO orders (id,shopper_id,seller_id,subtotal,shipping,discount,total,status,payment_status,shipping_status,payment_method,carrier,tracking_number,shipping_address,created_at,updated_at) VALUES ('df2bb612-88d2-4800-af14-ac63ca789430','da346bbe-af09-4201-8b17-def3c40ed4e2','5d34c408-427a-47e6-ad11-f31448b7af48',633.7,6.09,7.98,631.81,'delivered','paid','delivered','wallet','FedEx','TRK952547','{"line1":"601 Main St","city":"Berlin","country":"DE","zip":"38305"}'::jsonb, now() - interval '8 days', now() - interval '6 days');
INSERT INTO order_items (order_id,product_id,qty,price) VALUES ('df2bb612-88d2-4800-af14-ac63ca789430','d6040b4c-fcc6-4253-a174-6eafcfbdf5dd',1,159.84);
INSERT INTO order_items (order_id,product_id,qty,price) VALUES ('df2bb612-88d2-4800-af14-ac63ca789430','d55b2ee3-d0b6-4841-b42a-d51735e9ac0a',1,62.68);
INSERT INTO orders (id,shopper_id,seller_id,subtotal,shipping,discount,total,status,payment_status,shipping_status,payment_method,carrier,tracking_number,shipping_address,created_at,updated_at) VALUES ('e4ac1bd1-b78b-4394-9915-eb8640552e45','5919aa48-f90f-41e2-8820-781df9872d8c','2beaf4c9-4dcc-4e16-97e9-ec8a231a9afb',441.37,19.96,4.85,456.48,'pending','paid','not_shipped','paypal','FedEx','TRK116547','{"line1":"603 Main St","city":"Berlin","country":"DE","zip":"52437"}'::jsonb, now() - interval '1 days', now() - interval '0 days');
INSERT INTO order_items (order_id,product_id,qty,price) VALUES ('e4ac1bd1-b78b-4394-9915-eb8640552e45','b88a23d9-b0ba-4897-afc8-9115ec89b5cb',1,34.08);
INSERT INTO order_items (order_id,product_id,qty,price) VALUES ('e4ac1bd1-b78b-4394-9915-eb8640552e45','27aa6f01-70bb-4f3b-b79a-1fc5f2c1ac44',3,31.59);
INSERT INTO orders (id,shopper_id,seller_id,subtotal,shipping,discount,total,status,payment_status,shipping_status,payment_method,carrier,tracking_number,shipping_address,created_at,updated_at) VALUES ('cc176943-e07f-4462-baf7-08a0aadff670','7c889b7d-2db9-4b86-9d03-46afee13d5c3','27cc7b6b-164e-4cb7-8683-58f2ebba3aee',369.65,9.05,21.94,356.76,'refunded','failed','delivered','wallet','DHL','TRK646781','{"line1":"745 Main St","city":"Berlin","country":"DE","zip":"96363"}'::jsonb, now() - interval '28 days', now() - interval '26 days');
INSERT INTO order_items (order_id,product_id,qty,price) VALUES ('cc176943-e07f-4462-baf7-08a0aadff670','99678b15-75db-428d-bc94-97fe85f8b2e5',3,193.16);
INSERT INTO order_items (order_id,product_id,qty,price) VALUES ('cc176943-e07f-4462-baf7-08a0aadff670','3f430ca4-3bad-4931-83db-3ce955c38331',2,170.99);
INSERT INTO order_items (order_id,product_id,qty,price) VALUES ('cc176943-e07f-4462-baf7-08a0aadff670','6c525fb5-8544-4437-9f13-1d59ab9f64c5',3,30.51);
INSERT INTO orders (id,shopper_id,seller_id,subtotal,shipping,discount,total,status,payment_status,shipping_status,payment_method,carrier,tracking_number,shipping_address,created_at,updated_at) VALUES ('c693cccf-1f0e-413f-bdfe-8f09a7514a08','134f28f4-1544-4e8b-985e-f0d2d39360dc','b59782da-fd23-4226-8e44-a37d485d26c5',721.43,8.05,10.7,718.78,'shipped','paid','in_transit','wallet','UPS','TRK656329','{"line1":"391 Main St","city":"Berlin","country":"DE","zip":"88301"}'::jsonb, now() - interval '35 days', now() - interval '33 days');
INSERT INTO order_items (order_id,product_id,qty,price) VALUES ('c693cccf-1f0e-413f-bdfe-8f09a7514a08','99678b15-75db-428d-bc94-97fe85f8b2e5',3,125.03);
INSERT INTO order_items (order_id,product_id,qty,price) VALUES ('c693cccf-1f0e-413f-bdfe-8f09a7514a08','dbe6159e-de23-478c-8576-d5080c8c8430',3,31.74);
INSERT INTO order_items (order_id,product_id,qty,price) VALUES ('c693cccf-1f0e-413f-bdfe-8f09a7514a08','628d8079-8072-47eb-9eae-b22cbaffb747',3,176.76);
INSERT INTO orders (id,shopper_id,seller_id,subtotal,shipping,discount,total,status,payment_status,shipping_status,payment_method,carrier,tracking_number,shipping_address,created_at,updated_at) VALUES ('911e4d2b-bd79-40f8-96ad-26c82d8c96bb','fadddecc-8835-45bc-bd74-7d2b6093a2bd','ab95a0d4-23e7-4643-86fb-f67ec1ea7e1c',355.45,22.2,14.71,362.94,'refunded','pending','delivered','wallet','DHL','TRK427704','{"line1":"321 Main St","city":"Berlin","country":"DE","zip":"65936"}'::jsonb, now() - interval '53 days', now() - interval '51 days');
INSERT INTO order_items (order_id,product_id,qty,price) VALUES ('911e4d2b-bd79-40f8-96ad-26c82d8c96bb','d3c42518-9f9f-4d5a-87fb-0347248eabe6',1,140.5);
INSERT INTO order_items (order_id,product_id,qty,price) VALUES ('911e4d2b-bd79-40f8-96ad-26c82d8c96bb','1dd55013-f18d-46bb-a09f-1879eccc7a84',1,27.33);
INSERT INTO order_items (order_id,product_id,qty,price) VALUES ('911e4d2b-bd79-40f8-96ad-26c82d8c96bb','5afe9506-9b7e-4bbc-8ab1-a753fab2391c',1,92.06);
INSERT INTO orders (id,shopper_id,seller_id,subtotal,shipping,discount,total,status,payment_status,shipping_status,payment_method,carrier,tracking_number,shipping_address,created_at,updated_at) VALUES ('6735cf04-8d62-4db2-a463-50b2ed36494e','897df18c-90a1-49b1-aee6-624b87e6bd53','2beaf4c9-4dcc-4e16-97e9-ec8a231a9afb',453.97,14.66,25.49,443.14,'delivered','paid','delivered','card','Aramex','TRK886730','{"line1":"363 Main St","city":"Berlin","country":"DE","zip":"97207"}'::jsonb, now() - interval '85 days', now() - interval '83 days');
INSERT INTO order_items (order_id,product_id,qty,price) VALUES ('6735cf04-8d62-4db2-a463-50b2ed36494e','19e34881-4ee3-4d3f-9547-396112071661',3,19.77);
INSERT INTO order_items (order_id,product_id,qty,price) VALUES ('6735cf04-8d62-4db2-a463-50b2ed36494e','f84fd632-28e9-4fa7-bcda-01ec9ddff84d',3,69.37);
INSERT INTO order_items (order_id,product_id,qty,price) VALUES ('6735cf04-8d62-4db2-a463-50b2ed36494e','dbe6159e-de23-478c-8576-d5080c8c8430',3,106.41);
INSERT INTO order_items (order_id,product_id,qty,price) VALUES ('6735cf04-8d62-4db2-a463-50b2ed36494e','9198edd6-d4f6-4419-ad25-c7a29cf60826',3,101.62);
INSERT INTO orders (id,shopper_id,seller_id,subtotal,shipping,discount,total,status,payment_status,shipping_status,payment_method,carrier,tracking_number,shipping_address,created_at,updated_at) VALUES ('df177b27-ec9e-47fb-a824-2cd016cf49fa','90708a35-a169-4369-94f4-8aa3f4f98278','36f73885-6b52-4004-9b1d-64485f2176d8',679.39,9.19,51.81,636.77,'delivered','paid','delivered','wallet','DHL','TRK969752','{"line1":"624 Main St","city":"Berlin","country":"DE","zip":"96223"}'::jsonb, now() - interval '54 days', now() - interval '52 days');
INSERT INTO order_items (order_id,product_id,qty,price) VALUES ('df177b27-ec9e-47fb-a824-2cd016cf49fa','28de8a8b-48de-498f-a45b-235e1f76748c',1,61.92);
INSERT INTO order_items (order_id,product_id,qty,price) VALUES ('df177b27-ec9e-47fb-a824-2cd016cf49fa','c1f3710d-1612-462d-a8be-3b89a8b039f2',2,185.09);
INSERT INTO order_items (order_id,product_id,qty,price) VALUES ('df177b27-ec9e-47fb-a824-2cd016cf49fa','4f28d01d-374d-43ac-a445-a86071484fa3',1,44.47);
INSERT INTO orders (id,shopper_id,seller_id,subtotal,shipping,discount,total,status,payment_status,shipping_status,payment_method,carrier,tracking_number,shipping_address,created_at,updated_at) VALUES ('dad6c850-d3a3-4e0c-8053-56aad950a2a6','5919aa48-f90f-41e2-8820-781df9872d8c','9e80fdb4-88aa-4a87-adaf-a9cb23282919',74.28,18.52,7.22,85.58,'processing','failed','not_shipped','card','Aramex','TRK457455','{"line1":"430 Main St","city":"Berlin","country":"DE","zip":"69460"}'::jsonb, now() - interval '67 days', now() - interval '65 days');
INSERT INTO order_items (order_id,product_id,qty,price) VALUES ('dad6c850-d3a3-4e0c-8053-56aad950a2a6','d3c42518-9f9f-4d5a-87fb-0347248eabe6',2,147.1);
INSERT INTO order_items (order_id,product_id,qty,price) VALUES ('dad6c850-d3a3-4e0c-8053-56aad950a2a6','ac4defe5-3584-418e-95a5-1696680840ff',3,123.28);
INSERT INTO orders (id,shopper_id,seller_id,subtotal,shipping,discount,total,status,payment_status,shipping_status,payment_method,carrier,tracking_number,shipping_address,created_at,updated_at) VALUES ('44dea85d-bfa6-41d1-ba63-17a5901e4536','b806130d-eb1a-4225-bc64-4494b215a7ce','2beaf4c9-4dcc-4e16-97e9-ec8a231a9afb',142.78,15.45,9.62,148.61,'delivered','paid','delivered','wallet','Aramex','TRK563516','{"line1":"498 Main St","city":"Berlin","country":"DE","zip":"89570"}'::jsonb, now() - interval '56 days', now() - interval '54 days');
INSERT INTO order_items (order_id,product_id,qty,price) VALUES ('44dea85d-bfa6-41d1-ba63-17a5901e4536','64e478f9-406c-4576-9419-5785a066cefb',1,153.44);
INSERT INTO order_items (order_id,product_id,qty,price) VALUES ('44dea85d-bfa6-41d1-ba63-17a5901e4536','b80c50d0-e26e-4260-8cfd-5f8679d90492',2,91.68);
INSERT INTO order_items (order_id,product_id,qty,price) VALUES ('44dea85d-bfa6-41d1-ba63-17a5901e4536','f84fd632-28e9-4fa7-bcda-01ec9ddff84d',3,138.91);
INSERT INTO order_items (order_id,product_id,qty,price) VALUES ('44dea85d-bfa6-41d1-ba63-17a5901e4536','aed78a0c-10f2-4806-820f-817c26e226b8',3,136.76);
INSERT INTO orders (id,shopper_id,seller_id,subtotal,shipping,discount,total,status,payment_status,shipping_status,payment_method,carrier,tracking_number,shipping_address,created_at,updated_at) VALUES ('27efccbb-f00b-459d-b083-cf2ee8196c8e','b806130d-eb1a-4225-bc64-4494b215a7ce','ab95a0d4-23e7-4643-86fb-f67ec1ea7e1c',328.31,14.98,0.25,343.04,'delivered','paid','delivered','card','UPS','TRK225812','{"line1":"297 Main St","city":"Berlin","country":"DE","zip":"53007"}'::jsonb, now() - interval '27 days', now() - interval '25 days');
INSERT INTO order_items (order_id,product_id,qty,price) VALUES ('27efccbb-f00b-459d-b083-cf2ee8196c8e','aed78a0c-10f2-4806-820f-817c26e226b8',3,91.82);
INSERT INTO orders (id,shopper_id,seller_id,subtotal,shipping,discount,total,status,payment_status,shipping_status,payment_method,carrier,tracking_number,shipping_address,created_at,updated_at) VALUES ('ed2f7df8-bddd-46a9-be6a-9d5bb89feb5f','5919aa48-f90f-41e2-8820-781df9872d8c','9e80fdb4-88aa-4a87-adaf-a9cb23282919',435.41,5.75,24.33,416.83,'delivered','paid','delivered','paypal','DHL','TRK582087','{"line1":"447 Main St","city":"Berlin","country":"DE","zip":"12456"}'::jsonb, now() - interval '9 days', now() - interval '7 days');
INSERT INTO order_items (order_id,product_id,qty,price) VALUES ('ed2f7df8-bddd-46a9-be6a-9d5bb89feb5f','19e34881-4ee3-4d3f-9547-396112071661',2,119.39);
INSERT INTO orders (id,shopper_id,seller_id,subtotal,shipping,discount,total,status,payment_status,shipping_status,payment_method,carrier,tracking_number,shipping_address,created_at,updated_at) VALUES ('4e1835d0-cbfb-46e4-9ff1-1a13c5deeb6b','1d58c112-0638-44c8-b5c0-b9d4f9c72dac','9e80fdb4-88aa-4a87-adaf-a9cb23282919',573.41,10.44,6.6,577.25,'pending','pending','not_shipped','wallet','Aramex','TRK192410','{"line1":"852 Main St","city":"Berlin","country":"DE","zip":"57428"}'::jsonb, now() - interval '21 days', now() - interval '19 days');
INSERT INTO order_items (order_id,product_id,qty,price) VALUES ('4e1835d0-cbfb-46e4-9ff1-1a13c5deeb6b','a17cd81b-b9f6-43a0-9913-0b8d599effd0',1,56.23);
INSERT INTO order_items (order_id,product_id,qty,price) VALUES ('4e1835d0-cbfb-46e4-9ff1-1a13c5deeb6b','713512a9-08d9-44ae-bf46-dd8b163f5206',2,109.55);
INSERT INTO order_items (order_id,product_id,qty,price) VALUES ('4e1835d0-cbfb-46e4-9ff1-1a13c5deeb6b','92478fc9-ae86-4179-b406-896bbefaa91b',2,151.7);
INSERT INTO order_items (order_id,product_id,qty,price) VALUES ('4e1835d0-cbfb-46e4-9ff1-1a13c5deeb6b','372bc6b5-b692-48ee-a519-467a860ddc61',2,158.03);
INSERT INTO orders (id,shopper_id,seller_id,subtotal,shipping,discount,total,status,payment_status,shipping_status,payment_method,carrier,tracking_number,shipping_address,created_at,updated_at) VALUES ('2a1e5152-babb-4e30-82a6-642f46f04531','7c889b7d-2db9-4b86-9d03-46afee13d5c3','b59782da-fd23-4226-8e44-a37d485d26c5',433.87,4.85,33.68,405.04,'delivered','paid','delivered','card','FedEx','TRK368402','{"line1":"106 Main St","city":"Berlin","country":"DE","zip":"29194"}'::jsonb, now() - interval '82 days', now() - interval '80 days');
INSERT INTO order_items (order_id,product_id,qty,price) VALUES ('2a1e5152-babb-4e30-82a6-642f46f04531','f527eca5-7325-44a3-a49f-d49e3adf146d',3,39.05);
INSERT INTO order_items (order_id,product_id,qty,price) VALUES ('2a1e5152-babb-4e30-82a6-642f46f04531','c1f3710d-1612-462d-a8be-3b89a8b039f2',3,24.32);
INSERT INTO orders (id,shopper_id,seller_id,subtotal,shipping,discount,total,status,payment_status,shipping_status,payment_method,carrier,tracking_number,shipping_address,created_at,updated_at) VALUES ('5b461841-3c8a-4d9a-8895-43b88f37c1cf','60d999ff-84af-4bf7-aba4-366ea674cd97','27cc7b6b-164e-4cb7-8683-58f2ebba3aee',608.47,19.0,27.31,600.16,'delivered','paid','delivered','paypal','FedEx','TRK591699','{"line1":"451 Main St","city":"Berlin","country":"DE","zip":"18950"}'::jsonb, now() - interval '80 days', now() - interval '78 days');
INSERT INTO order_items (order_id,product_id,qty,price) VALUES ('5b461841-3c8a-4d9a-8895-43b88f37c1cf','3537ae79-c7bf-4ab5-a3ef-637df4c198db',2,161.3);
INSERT INTO order_items (order_id,product_id,qty,price) VALUES ('5b461841-3c8a-4d9a-8895-43b88f37c1cf','713512a9-08d9-44ae-bf46-dd8b163f5206',1,76.87);
INSERT INTO order_items (order_id,product_id,qty,price) VALUES ('5b461841-3c8a-4d9a-8895-43b88f37c1cf','f61844a1-6160-4afc-9703-e40bc90851a1',2,97.73);
INSERT INTO order_items (order_id,product_id,qty,price) VALUES ('5b461841-3c8a-4d9a-8895-43b88f37c1cf','6c09bbfa-884c-4c52-bbff-4042799c5f13',1,80.06);
INSERT INTO orders (id,shopper_id,seller_id,subtotal,shipping,discount,total,status,payment_status,shipping_status,payment_method,carrier,tracking_number,shipping_address,created_at,updated_at) VALUES ('028352ae-2927-49a3-8565-fcaebfe7ea7d','fdab51f4-d55e-4dd4-abc4-1f2109434982','b59782da-fd23-4226-8e44-a37d485d26c5',522.84,24.43,4.72,542.55,'cancelled','pending','not_shipped','wallet','DHL','TRK783501','{"line1":"461 Main St","city":"Berlin","country":"DE","zip":"84928"}'::jsonb, now() - interval '74 days', now() - interval '72 days');
INSERT INTO order_items (order_id,product_id,qty,price) VALUES ('028352ae-2927-49a3-8565-fcaebfe7ea7d','14ca55a9-4ded-4d05-b2b2-9e15c9aca7f3',3,100.37);
INSERT INTO order_items (order_id,product_id,qty,price) VALUES ('028352ae-2927-49a3-8565-fcaebfe7ea7d','9198edd6-d4f6-4419-ad25-c7a29cf60826',1,95.6);
INSERT INTO orders (id,shopper_id,seller_id,subtotal,shipping,discount,total,status,payment_status,shipping_status,payment_method,carrier,tracking_number,shipping_address,created_at,updated_at) VALUES ('8a2fc6b3-f0bb-481a-a959-361c13a74eb9','4d6a4ac3-7a6b-4f80-9c6d-cfb0d1343ca4','b59782da-fd23-4226-8e44-a37d485d26c5',413.55,4.31,10.25,407.61,'refunded','pending','delivered','wallet','FedEx','TRK396635','{"line1":"373 Main St","city":"Berlin","country":"DE","zip":"58870"}'::jsonb, now() - interval '67 days', now() - interval '65 days');
INSERT INTO order_items (order_id,product_id,qty,price) VALUES ('8a2fc6b3-f0bb-481a-a959-361c13a74eb9','27aa6f01-70bb-4f3b-b79a-1fc5f2c1ac44',2,138.99);
INSERT INTO order_items (order_id,product_id,qty,price) VALUES ('8a2fc6b3-f0bb-481a-a959-361c13a74eb9','3f430ca4-3bad-4931-83db-3ce955c38331',3,132.99);
INSERT INTO order_items (order_id,product_id,qty,price) VALUES ('8a2fc6b3-f0bb-481a-a959-361c13a74eb9','f61844a1-6160-4afc-9703-e40bc90851a1',2,27.96);
INSERT INTO order_items (order_id,product_id,qty,price) VALUES ('8a2fc6b3-f0bb-481a-a959-361c13a74eb9','0fe0b66e-20c8-4852-8e42-08e6e61fdd02',2,63.99);
INSERT INTO orders (id,shopper_id,seller_id,subtotal,shipping,discount,total,status,payment_status,shipping_status,payment_method,carrier,tracking_number,shipping_address,created_at,updated_at) VALUES ('79bc4895-66bc-44f4-8257-16a5a9fcc33c','800c641f-5f83-4e08-bcaf-da579bf7ada8','2beaf4c9-4dcc-4e16-97e9-ec8a231a9afb',280.02,14.57,3.96,290.63,'delivered','paid','delivered','wallet','Aramex','TRK843266','{"line1":"133 Main St","city":"Berlin","country":"DE","zip":"87993"}'::jsonb, now() - interval '39 days', now() - interval '37 days');
INSERT INTO order_items (order_id,product_id,qty,price) VALUES ('79bc4895-66bc-44f4-8257-16a5a9fcc33c','5adeb11f-c34f-4237-9825-4f58d77afd4c',3,81.57);
INSERT INTO orders (id,shopper_id,seller_id,subtotal,shipping,discount,total,status,payment_status,shipping_status,payment_method,carrier,tracking_number,shipping_address,created_at,updated_at) VALUES ('65f2b27a-2535-4917-ac56-247e1a9965fc','4d6a4ac3-7a6b-4f80-9c6d-cfb0d1343ca4','2beaf4c9-4dcc-4e16-97e9-ec8a231a9afb',542.69,20.72,40.09,523.32,'processing','failed','not_shipped','paypal','UPS','TRK423869','{"line1":"19 Main St","city":"Berlin","country":"DE","zip":"57526"}'::jsonb, now() - interval '85 days', now() - interval '83 days');
INSERT INTO order_items (order_id,product_id,qty,price) VALUES ('65f2b27a-2535-4917-ac56-247e1a9965fc','c63763f2-662e-4081-99b8-6659b7dbb8dd',2,190.06);
INSERT INTO order_items (order_id,product_id,qty,price) VALUES ('65f2b27a-2535-4917-ac56-247e1a9965fc','aed78a0c-10f2-4806-820f-817c26e226b8',1,53.04);
INSERT INTO orders (id,shopper_id,seller_id,subtotal,shipping,discount,total,status,payment_status,shipping_status,payment_method,carrier,tracking_number,shipping_address,created_at,updated_at) VALUES ('25a1e62e-3125-4a1a-ac8e-9eb476dbd5bd','5919aa48-f90f-41e2-8820-781df9872d8c','2beaf4c9-4dcc-4e16-97e9-ec8a231a9afb',80.19,21.11,0.81,100.49,'pending','failed','not_shipped','wallet','FedEx','TRK261745','{"line1":"612 Main St","city":"Berlin","country":"DE","zip":"59377"}'::jsonb, now() - interval '43 days', now() - interval '41 days');
INSERT INTO order_items (order_id,product_id,qty,price) VALUES ('25a1e62e-3125-4a1a-ac8e-9eb476dbd5bd','f527eca5-7325-44a3-a49f-d49e3adf146d',3,156.51);
INSERT INTO order_items (order_id,product_id,qty,price) VALUES ('25a1e62e-3125-4a1a-ac8e-9eb476dbd5bd','ca01af03-70d1-45a3-b71c-b9664fdf4ee5',1,147.02);
INSERT INTO orders (id,shopper_id,seller_id,subtotal,shipping,discount,total,status,payment_status,shipping_status,payment_method,carrier,tracking_number,shipping_address,created_at,updated_at) VALUES ('a5295dec-e158-4c96-96cb-b964d006e302','b806130d-eb1a-4225-bc64-4494b215a7ce','9e80fdb4-88aa-4a87-adaf-a9cb23282919',304.15,17.99,29.49,292.65,'delivered','paid','delivered','card','FedEx','TRK975679','{"line1":"317 Main St","city":"Berlin","country":"DE","zip":"71474"}'::jsonb, now() - interval '57 days', now() - interval '55 days');
INSERT INTO order_items (order_id,product_id,qty,price) VALUES ('a5295dec-e158-4c96-96cb-b964d006e302','d3c42518-9f9f-4d5a-87fb-0347248eabe6',3,189.95);
INSERT INTO order_items (order_id,product_id,qty,price) VALUES ('a5295dec-e158-4c96-96cb-b964d006e302','9d7b6abe-f643-4438-806e-65d53e25d017',2,156.19);
INSERT INTO orders (id,shopper_id,seller_id,subtotal,shipping,discount,total,status,payment_status,shipping_status,payment_method,carrier,tracking_number,shipping_address,created_at,updated_at) VALUES ('db53b95f-d118-473b-8a1a-bd190702dea0','77768d10-fe36-4a36-9b96-184f3f954c99','9e80fdb4-88aa-4a87-adaf-a9cb23282919',773.69,20.42,61.99,732.12,'shipped','paid','in_transit','card','Aramex','TRK681478','{"line1":"896 Main St","city":"Berlin","country":"DE","zip":"58655"}'::jsonb, now() - interval '32 days', now() - interval '30 days');
INSERT INTO order_items (order_id,product_id,qty,price) VALUES ('db53b95f-d118-473b-8a1a-bd190702dea0','dce8e049-962c-49e5-bd48-504eae8bf271',3,171.72);
INSERT INTO orders (id,shopper_id,seller_id,subtotal,shipping,discount,total,status,payment_status,shipping_status,payment_method,carrier,tracking_number,shipping_address,created_at,updated_at) VALUES ('272dec7a-dd17-4c13-a619-448f5398f266','fdab51f4-d55e-4dd4-abc4-1f2109434982','b59782da-fd23-4226-8e44-a37d485d26c5',615.23,6.82,55.7,566.35,'shipped','paid','in_transit','card','FedEx','TRK466566','{"line1":"837 Main St","city":"Berlin","country":"DE","zip":"69130"}'::jsonb, now() - interval '55 days', now() - interval '53 days');
INSERT INTO order_items (order_id,product_id,qty,price) VALUES ('272dec7a-dd17-4c13-a619-448f5398f266','27aa6f01-70bb-4f3b-b79a-1fc5f2c1ac44',1,85.33);
INSERT INTO orders (id,shopper_id,seller_id,subtotal,shipping,discount,total,status,payment_status,shipping_status,payment_method,carrier,tracking_number,shipping_address,created_at,updated_at) VALUES ('28605904-3c3f-4368-b487-0629f9dd55cf','897df18c-90a1-49b1-aee6-624b87e6bd53','ab95a0d4-23e7-4643-86fb-f67ec1ea7e1c',321.21,2.04,7.21,316.04,'delivered','paid','delivered','wallet','UPS','TRK244283','{"line1":"811 Main St","city":"Berlin","country":"DE","zip":"29142"}'::jsonb, now() - interval '12 days', now() - interval '10 days');
INSERT INTO order_items (order_id,product_id,qty,price) VALUES ('28605904-3c3f-4368-b487-0629f9dd55cf','f84fd632-28e9-4fa7-bcda-01ec9ddff84d',2,142.25);
INSERT INTO orders (id,shopper_id,seller_id,subtotal,shipping,discount,total,status,payment_status,shipping_status,payment_method,carrier,tracking_number,shipping_address,created_at,updated_at) VALUES ('5f16e42c-ca06-472a-9670-edb2f23e9943','5919aa48-f90f-41e2-8820-781df9872d8c','27cc7b6b-164e-4cb7-8683-58f2ebba3aee',369.91,0.13,2.93,367.11,'delivered','paid','delivered','card','Aramex','TRK349183','{"line1":"114 Main St","city":"Berlin","country":"DE","zip":"47762"}'::jsonb, now() - interval '27 days', now() - interval '25 days');
INSERT INTO order_items (order_id,product_id,qty,price) VALUES ('5f16e42c-ca06-472a-9670-edb2f23e9943','b80c50d0-e26e-4260-8cfd-5f8679d90492',1,55.3);
INSERT INTO order_items (order_id,product_id,qty,price) VALUES ('5f16e42c-ca06-472a-9670-edb2f23e9943','3537ae79-c7bf-4ab5-a3ef-637df4c198db',3,96.85);
INSERT INTO order_items (order_id,product_id,qty,price) VALUES ('5f16e42c-ca06-472a-9670-edb2f23e9943','b80c50d0-e26e-4260-8cfd-5f8679d90492',2,123.38);
INSERT INTO orders (id,shopper_id,seller_id,subtotal,shipping,discount,total,status,payment_status,shipping_status,payment_method,carrier,tracking_number,shipping_address,created_at,updated_at) VALUES ('820e33ae-deda-44c9-b7a3-b130ffab4f8c','da346bbe-af09-4201-8b17-def3c40ed4e2','ab95a0d4-23e7-4643-86fb-f67ec1ea7e1c',580.46,7.28,0.09,587.65,'delivered','paid','delivered','wallet','Aramex','TRK800674','{"line1":"192 Main St","city":"Berlin","country":"DE","zip":"97080"}'::jsonb, now() - interval '30 days', now() - interval '28 days');
INSERT INTO order_items (order_id,product_id,qty,price) VALUES ('820e33ae-deda-44c9-b7a3-b130ffab4f8c','6fb4fa17-3a5c-4f54-a319-ffdc2c1c66c6',2,22.86);
INSERT INTO orders (id,shopper_id,seller_id,subtotal,shipping,discount,total,status,payment_status,shipping_status,payment_method,carrier,tracking_number,shipping_address,created_at,updated_at) VALUES ('305364a2-2a4b-4e99-949c-b3b863583996','e9cbeef7-1536-490b-9edb-967715af55c2','5d34c408-427a-47e6-ad11-f31448b7af48',324.55,11.75,20.63,315.67,'delivered','paid','delivered','wallet','DHL','TRK461551','{"line1":"366 Main St","city":"Berlin","country":"DE","zip":"18855"}'::jsonb, now() - interval '32 days', now() - interval '30 days');
INSERT INTO order_items (order_id,product_id,qty,price) VALUES ('305364a2-2a4b-4e99-949c-b3b863583996','ee296b36-62a2-4be4-bdbb-871cb5ad05f2',3,129.37);
INSERT INTO order_items (order_id,product_id,qty,price) VALUES ('305364a2-2a4b-4e99-949c-b3b863583996','ac4defe5-3584-418e-95a5-1696680840ff',3,149.69);
INSERT INTO orders (id,shopper_id,seller_id,subtotal,shipping,discount,total,status,payment_status,shipping_status,payment_method,carrier,tracking_number,shipping_address,created_at,updated_at) VALUES ('ba71f950-304b-4e3e-bc5e-113918e3c473','4d6a4ac3-7a6b-4f80-9c6d-cfb0d1343ca4','2beaf4c9-4dcc-4e16-97e9-ec8a231a9afb',54.58,13.65,4.44,63.79,'shipped','paid','in_transit','paypal','Aramex','TRK950916','{"line1":"647 Main St","city":"Berlin","country":"DE","zip":"33891"}'::jsonb, now() - interval '87 days', now() - interval '85 days');
INSERT INTO order_items (order_id,product_id,qty,price) VALUES ('ba71f950-304b-4e3e-bc5e-113918e3c473','f61844a1-6160-4afc-9703-e40bc90851a1',3,157.48);
INSERT INTO order_items (order_id,product_id,qty,price) VALUES ('ba71f950-304b-4e3e-bc5e-113918e3c473','99678b15-75db-428d-bc94-97fe85f8b2e5',1,65.75);
INSERT INTO orders (id,shopper_id,seller_id,subtotal,shipping,discount,total,status,payment_status,shipping_status,payment_method,carrier,tracking_number,shipping_address,created_at,updated_at) VALUES ('beafa9da-527e-4a2e-ae62-2cdf2c72996b','b806130d-eb1a-4225-bc64-4494b215a7ce','ab95a0d4-23e7-4643-86fb-f67ec1ea7e1c',710.92,7.89,22.04,696.77,'cancelled','failed','not_shipped','paypal','DHL','TRK300386','{"line1":"772 Main St","city":"Berlin","country":"DE","zip":"94790"}'::jsonb, now() - interval '60 days', now() - interval '58 days');
INSERT INTO order_items (order_id,product_id,qty,price) VALUES ('beafa9da-527e-4a2e-ae62-2cdf2c72996b','4f28d01d-374d-43ac-a445-a86071484fa3',1,174.5);
INSERT INTO order_items (order_id,product_id,qty,price) VALUES ('beafa9da-527e-4a2e-ae62-2cdf2c72996b','d6040b4c-fcc6-4253-a174-6eafcfbdf5dd',2,33.65);
INSERT INTO order_items (order_id,product_id,qty,price) VALUES ('beafa9da-527e-4a2e-ae62-2cdf2c72996b','d3c42518-9f9f-4d5a-87fb-0347248eabe6',2,179.0);
INSERT INTO orders (id,shopper_id,seller_id,subtotal,shipping,discount,total,status,payment_status,shipping_status,payment_method,carrier,tracking_number,shipping_address,created_at,updated_at) VALUES ('8abe6e94-9417-4883-9c90-e5ad0410f3f7','134f28f4-1544-4e8b-985e-f0d2d39360dc','9e80fdb4-88aa-4a87-adaf-a9cb23282919',284.45,4.67,19.69,269.43,'delivered','paid','delivered','paypal','DHL','TRK182760','{"line1":"745 Main St","city":"Berlin","country":"DE","zip":"65640"}'::jsonb, now() - interval '66 days', now() - interval '64 days');
INSERT INTO order_items (order_id,product_id,qty,price) VALUES ('8abe6e94-9417-4883-9c90-e5ad0410f3f7','d55b2ee3-d0b6-4841-b42a-d51735e9ac0a',1,113.64);
INSERT INTO order_items (order_id,product_id,qty,price) VALUES ('8abe6e94-9417-4883-9c90-e5ad0410f3f7','14ca55a9-4ded-4d05-b2b2-9e15c9aca7f3',1,25.21);
INSERT INTO order_items (order_id,product_id,qty,price) VALUES ('8abe6e94-9417-4883-9c90-e5ad0410f3f7','ac3c3a71-0d25-42ba-8c1d-6bcf812922a4',2,68.23);
INSERT INTO order_items (order_id,product_id,qty,price) VALUES ('8abe6e94-9417-4883-9c90-e5ad0410f3f7','d55b2ee3-d0b6-4841-b42a-d51735e9ac0a',3,90.96);
INSERT INTO orders (id,shopper_id,seller_id,subtotal,shipping,discount,total,status,payment_status,shipping_status,payment_method,carrier,tracking_number,shipping_address,created_at,updated_at) VALUES ('93d6a155-8673-4f69-a0e8-a88aabc3d3d2','134f28f4-1544-4e8b-985e-f0d2d39360dc','36f73885-6b52-4004-9b1d-64485f2176d8',368.76,18.17,33.62,353.31,'cancelled','pending','not_shipped','card','DHL','TRK525942','{"line1":"688 Main St","city":"Berlin","country":"DE","zip":"93560"}'::jsonb, now() - interval '81 days', now() - interval '79 days');
INSERT INTO order_items (order_id,product_id,qty,price) VALUES ('93d6a155-8673-4f69-a0e8-a88aabc3d3d2','1e9cee8b-15ad-4fd1-874d-be5e58f60655',3,139.09);
INSERT INTO order_items (order_id,product_id,qty,price) VALUES ('93d6a155-8673-4f69-a0e8-a88aabc3d3d2','28de8a8b-48de-498f-a45b-235e1f76748c',1,171.25);
INSERT INTO order_items (order_id,product_id,qty,price) VALUES ('93d6a155-8673-4f69-a0e8-a88aabc3d3d2','0fe0b66e-20c8-4852-8e42-08e6e61fdd02',2,16.61);
INSERT INTO orders (id,shopper_id,seller_id,subtotal,shipping,discount,total,status,payment_status,shipping_status,payment_method,carrier,tracking_number,shipping_address,created_at,updated_at) VALUES ('3bbaacb2-e8fd-4bd1-b9df-3e8e3ca885e7','7c889b7d-2db9-4b86-9d03-46afee13d5c3','ab95a0d4-23e7-4643-86fb-f67ec1ea7e1c',627.24,9.16,24.01,612.39,'pending','failed','not_shipped','wallet','Aramex','TRK490084','{"line1":"972 Main St","city":"Berlin","country":"DE","zip":"58623"}'::jsonb, now() - interval '19 days', now() - interval '17 days');
INSERT INTO order_items (order_id,product_id,qty,price) VALUES ('3bbaacb2-e8fd-4bd1-b9df-3e8e3ca885e7','c1f3710d-1612-462d-a8be-3b89a8b039f2',1,119.05);
INSERT INTO order_items (order_id,product_id,qty,price) VALUES ('3bbaacb2-e8fd-4bd1-b9df-3e8e3ca885e7','6fb4fa17-3a5c-4f54-a319-ffdc2c1c66c6',2,85.63);
INSERT INTO order_items (order_id,product_id,qty,price) VALUES ('3bbaacb2-e8fd-4bd1-b9df-3e8e3ca885e7','628d8079-8072-47eb-9eae-b22cbaffb747',2,57.43);
INSERT INTO order_items (order_id,product_id,qty,price) VALUES ('3bbaacb2-e8fd-4bd1-b9df-3e8e3ca885e7','b80c50d0-e26e-4260-8cfd-5f8679d90492',1,149.78);
INSERT INTO orders (id,shopper_id,seller_id,subtotal,shipping,discount,total,status,payment_status,shipping_status,payment_method,carrier,tracking_number,shipping_address,created_at,updated_at) VALUES ('7cf802f2-0762-42c1-903f-37c1cd04aa0f','60d999ff-84af-4bf7-aba4-366ea674cd97','9e80fdb4-88aa-4a87-adaf-a9cb23282919',732.56,2.94,56.77,678.73,'refunded','paid','delivered','paypal','Aramex','TRK242321','{"line1":"205 Main St","city":"Berlin","country":"DE","zip":"26074"}'::jsonb, now() - interval '78 days', now() - interval '76 days');
INSERT INTO order_items (order_id,product_id,qty,price) VALUES ('7cf802f2-0762-42c1-903f-37c1cd04aa0f','9d7b6abe-f643-4438-806e-65d53e25d017',1,180.75);
INSERT INTO orders (id,shopper_id,seller_id,subtotal,shipping,discount,total,status,payment_status,shipping_status,payment_method,carrier,tracking_number,shipping_address,created_at,updated_at) VALUES ('d7f6dfc2-07b2-4c15-b19e-68cc05ecf74b','134f28f4-1544-4e8b-985e-f0d2d39360dc','b59782da-fd23-4226-8e44-a37d485d26c5',652.2,24.19,64.34,612.05,'delivered','paid','delivered','card','UPS','TRK992717','{"line1":"913 Main St","city":"Berlin","country":"DE","zip":"49315"}'::jsonb, now() - interval '90 days', now() - interval '88 days');
INSERT INTO order_items (order_id,product_id,qty,price) VALUES ('d7f6dfc2-07b2-4c15-b19e-68cc05ecf74b','dce8e049-962c-49e5-bd48-504eae8bf271',3,186.19);
INSERT INTO order_items (order_id,product_id,qty,price) VALUES ('d7f6dfc2-07b2-4c15-b19e-68cc05ecf74b','3537ae79-c7bf-4ab5-a3ef-637df4c198db',1,160.8);
INSERT INTO orders (id,shopper_id,seller_id,subtotal,shipping,discount,total,status,payment_status,shipping_status,payment_method,carrier,tracking_number,shipping_address,created_at,updated_at) VALUES ('13b03039-d518-414f-9c37-f266d01239e0','e9cbeef7-1536-490b-9edb-967715af55c2','ab95a0d4-23e7-4643-86fb-f67ec1ea7e1c',114.66,5.02,1.59,118.09,'refunded','paid','delivered','wallet','UPS','TRK236074','{"line1":"479 Main St","city":"Berlin","country":"DE","zip":"82305"}'::jsonb, now() - interval '46 days', now() - interval '44 days');
INSERT INTO order_items (order_id,product_id,qty,price) VALUES ('13b03039-d518-414f-9c37-f266d01239e0','f61844a1-6160-4afc-9703-e40bc90851a1',2,85.65);
INSERT INTO orders (id,shopper_id,seller_id,subtotal,shipping,discount,total,status,payment_status,shipping_status,payment_method,carrier,tracking_number,shipping_address,created_at,updated_at) VALUES ('5264f6cb-d3c2-4fd7-ba09-db0b7cae91dd','60d999ff-84af-4bf7-aba4-366ea674cd97','9e80fdb4-88aa-4a87-adaf-a9cb23282919',619.95,20.58,4.57,635.96,'delivered','paid','delivered','card','Aramex','TRK642491','{"line1":"478 Main St","city":"Berlin","country":"DE","zip":"99143"}'::jsonb, now() - interval '82 days', now() - interval '80 days');
INSERT INTO order_items (order_id,product_id,qty,price) VALUES ('5264f6cb-d3c2-4fd7-ba09-db0b7cae91dd','89112b8b-879a-49a8-a843-c9ddce073f71',3,131.56);
INSERT INTO order_items (order_id,product_id,qty,price) VALUES ('5264f6cb-d3c2-4fd7-ba09-db0b7cae91dd','f527eca5-7325-44a3-a49f-d49e3adf146d',1,92.2);
INSERT INTO order_items (order_id,product_id,qty,price) VALUES ('5264f6cb-d3c2-4fd7-ba09-db0b7cae91dd','b635c4e9-b540-44e6-997f-01dd85b1da0e',1,167.96);
INSERT INTO orders (id,shopper_id,seller_id,subtotal,shipping,discount,total,status,payment_status,shipping_status,payment_method,carrier,tracking_number,shipping_address,created_at,updated_at) VALUES ('4beb6056-cc8f-4fa3-843b-79af0aa0251a','e9cbeef7-1536-490b-9edb-967715af55c2','2beaf4c9-4dcc-4e16-97e9-ec8a231a9afb',257.22,4.05,24.04,237.23,'delivered','paid','delivered','wallet','UPS','TRK362778','{"line1":"867 Main St","city":"Berlin","country":"DE","zip":"20336"}'::jsonb, now() - interval '44 days', now() - interval '42 days');
INSERT INTO order_items (order_id,product_id,qty,price) VALUES ('4beb6056-cc8f-4fa3-843b-79af0aa0251a','3537ae79-c7bf-4ab5-a3ef-637df4c198db',3,62.15);
INSERT INTO order_items (order_id,product_id,qty,price) VALUES ('4beb6056-cc8f-4fa3-843b-79af0aa0251a','3537ae79-c7bf-4ab5-a3ef-637df4c198db',2,126.74);
INSERT INTO orders (id,shopper_id,seller_id,subtotal,shipping,discount,total,status,payment_status,shipping_status,payment_method,carrier,tracking_number,shipping_address,created_at,updated_at) VALUES ('eee79355-a13d-47ab-abb3-914402a0adb9','7c889b7d-2db9-4b86-9d03-46afee13d5c3','2beaf4c9-4dcc-4e16-97e9-ec8a231a9afb',481.61,14.52,8.25,487.88,'delivered','paid','delivered','card','DHL','TRK772612','{"line1":"84 Main St","city":"Berlin","country":"DE","zip":"15958"}'::jsonb, now() - interval '72 days', now() - interval '70 days');
INSERT INTO order_items (order_id,product_id,qty,price) VALUES ('eee79355-a13d-47ab-abb3-914402a0adb9','628d8079-8072-47eb-9eae-b22cbaffb747',1,155.72);
INSERT INTO order_items (order_id,product_id,qty,price) VALUES ('eee79355-a13d-47ab-abb3-914402a0adb9','27aa6f01-70bb-4f3b-b79a-1fc5f2c1ac44',3,131.41);
INSERT INTO order_items (order_id,product_id,qty,price) VALUES ('eee79355-a13d-47ab-abb3-914402a0adb9','aed78a0c-10f2-4806-820f-817c26e226b8',3,113.66);
INSERT INTO orders (id,shopper_id,seller_id,subtotal,shipping,discount,total,status,payment_status,shipping_status,payment_method,carrier,tracking_number,shipping_address,created_at,updated_at) VALUES ('6188d2d0-64df-4f01-8462-7f615f7366b3','fdab51f4-d55e-4dd4-abc4-1f2109434982','27cc7b6b-164e-4cb7-8683-58f2ebba3aee',211.0,20.18,8.57,222.61,'refunded','paid','delivered','card','FedEx','TRK607774','{"line1":"451 Main St","city":"Berlin","country":"DE","zip":"64476"}'::jsonb, now() - interval '88 days', now() - interval '86 days');
INSERT INTO order_items (order_id,product_id,qty,price) VALUES ('6188d2d0-64df-4f01-8462-7f615f7366b3','c63763f2-662e-4081-99b8-6659b7dbb8dd',2,125.27);
INSERT INTO order_items (order_id,product_id,qty,price) VALUES ('6188d2d0-64df-4f01-8462-7f615f7366b3','14ca55a9-4ded-4d05-b2b2-9e15c9aca7f3',3,70.67);
INSERT INTO order_items (order_id,product_id,qty,price) VALUES ('6188d2d0-64df-4f01-8462-7f615f7366b3','19e34881-4ee3-4d3f-9547-396112071661',2,195.32);
INSERT INTO order_items (order_id,product_id,qty,price) VALUES ('6188d2d0-64df-4f01-8462-7f615f7366b3','89112b8b-879a-49a8-a843-c9ddce073f71',2,107.85);
INSERT INTO orders (id,shopper_id,seller_id,subtotal,shipping,discount,total,status,payment_status,shipping_status,payment_method,carrier,tracking_number,shipping_address,created_at,updated_at) VALUES ('dd0b16e3-8641-4e63-aa32-5f3c40b9cf69','90708a35-a169-4369-94f4-8aa3f4f98278','36f73885-6b52-4004-9b1d-64485f2176d8',208.56,3.06,9.38,202.24,'shipped','paid','in_transit','card','UPS','TRK745270','{"line1":"969 Main St","city":"Berlin","country":"DE","zip":"60351"}'::jsonb, now() - interval '12 days', now() - interval '10 days');
INSERT INTO order_items (order_id,product_id,qty,price) VALUES ('dd0b16e3-8641-4e63-aa32-5f3c40b9cf69','173f6809-9e2e-4771-bd35-c953c3144c2f',1,164.56);
INSERT INTO order_items (order_id,product_id,qty,price) VALUES ('dd0b16e3-8641-4e63-aa32-5f3c40b9cf69','418d6841-c551-47d5-afeb-605623ecf2e6',3,147.01);
INSERT INTO order_items (order_id,product_id,qty,price) VALUES ('dd0b16e3-8641-4e63-aa32-5f3c40b9cf69','0d73cb52-cb11-48d5-996f-344c8ac41ef9',1,104.67);
INSERT INTO order_items (order_id,product_id,qty,price) VALUES ('dd0b16e3-8641-4e63-aa32-5f3c40b9cf69','1e9cee8b-15ad-4fd1-874d-be5e58f60655',2,104.76);
INSERT INTO orders (id,shopper_id,seller_id,subtotal,shipping,discount,total,status,payment_status,shipping_status,payment_method,carrier,tracking_number,shipping_address,created_at,updated_at) VALUES ('76c7fcca-8b46-4b63-a21d-02cf554fee6d','fdab51f4-d55e-4dd4-abc4-1f2109434982','27cc7b6b-164e-4cb7-8683-58f2ebba3aee',38.08,23.63,1.92,59.79,'delivered','paid','delivered','wallet','UPS','TRK395023','{"line1":"50 Main St","city":"Berlin","country":"DE","zip":"16624"}'::jsonb, now() - interval '27 days', now() - interval '25 days');
INSERT INTO order_items (order_id,product_id,qty,price) VALUES ('76c7fcca-8b46-4b63-a21d-02cf554fee6d','d55b2ee3-d0b6-4841-b42a-d51735e9ac0a',3,137.78);
INSERT INTO order_items (order_id,product_id,qty,price) VALUES ('76c7fcca-8b46-4b63-a21d-02cf554fee6d','f84fd632-28e9-4fa7-bcda-01ec9ddff84d',3,11.55);
INSERT INTO order_items (order_id,product_id,qty,price) VALUES ('76c7fcca-8b46-4b63-a21d-02cf554fee6d','dbe6159e-de23-478c-8576-d5080c8c8430',2,35.45);
INSERT INTO order_items (order_id,product_id,qty,price) VALUES ('76c7fcca-8b46-4b63-a21d-02cf554fee6d','b88a23d9-b0ba-4897-afc8-9115ec89b5cb',3,79.5);
INSERT INTO orders (id,shopper_id,seller_id,subtotal,shipping,discount,total,status,payment_status,shipping_status,payment_method,carrier,tracking_number,shipping_address,created_at,updated_at) VALUES ('683e8383-ea03-4be7-9200-13134042f6c2','77768d10-fe36-4a36-9b96-184f3f954c99','36f73885-6b52-4004-9b1d-64485f2176d8',55.29,1.28,3.11,53.46,'delivered','paid','delivered','paypal','DHL','TRK572230','{"line1":"396 Main St","city":"Berlin","country":"DE","zip":"76093"}'::jsonb, now() - interval '70 days', now() - interval '68 days');
INSERT INTO order_items (order_id,product_id,qty,price) VALUES ('683e8383-ea03-4be7-9200-13134042f6c2','1c629f87-c764-444e-9ca5-538eeb27fa2e',3,139.28);
INSERT INTO order_items (order_id,product_id,qty,price) VALUES ('683e8383-ea03-4be7-9200-13134042f6c2','b80c50d0-e26e-4260-8cfd-5f8679d90492',1,195.27);
INSERT INTO order_items (order_id,product_id,qty,price) VALUES ('683e8383-ea03-4be7-9200-13134042f6c2','92478fc9-ae86-4179-b406-896bbefaa91b',2,161.03);
INSERT INTO orders (id,shopper_id,seller_id,subtotal,shipping,discount,total,status,payment_status,shipping_status,payment_method,carrier,tracking_number,shipping_address,created_at,updated_at) VALUES ('0dc2f572-1133-4439-9ece-8b8421fba154','4d6a4ac3-7a6b-4f80-9c6d-cfb0d1343ca4','36f73885-6b52-4004-9b1d-64485f2176d8',608.87,4.98,31.0,582.85,'pending','paid','not_shipped','card','UPS','TRK644559','{"line1":"824 Main St","city":"Berlin","country":"DE","zip":"72094"}'::jsonb, now() - interval '4 days', now() - interval '2 days');
INSERT INTO order_items (order_id,product_id,qty,price) VALUES ('0dc2f572-1133-4439-9ece-8b8421fba154','9198edd6-d4f6-4419-ad25-c7a29cf60826',3,179.7);
INSERT INTO order_items (order_id,product_id,qty,price) VALUES ('0dc2f572-1133-4439-9ece-8b8421fba154','89112b8b-879a-49a8-a843-c9ddce073f71',2,186.96);
INSERT INTO order_items (order_id,product_id,qty,price) VALUES ('0dc2f572-1133-4439-9ece-8b8421fba154','14ca55a9-4ded-4d05-b2b2-9e15c9aca7f3',1,84.66);
INSERT INTO order_items (order_id,product_id,qty,price) VALUES ('0dc2f572-1133-4439-9ece-8b8421fba154','28fc120c-2079-4663-9f28-b361099300ce',3,170.09);
INSERT INTO orders (id,shopper_id,seller_id,subtotal,shipping,discount,total,status,payment_status,shipping_status,payment_method,carrier,tracking_number,shipping_address,created_at,updated_at) VALUES ('530a6006-af57-4b04-92bb-cb1d11ca8456','1d58c112-0638-44c8-b5c0-b9d4f9c72dac','36f73885-6b52-4004-9b1d-64485f2176d8',415.71,12.74,20.36,408.09,'delivered','paid','delivered','card','UPS','TRK214928','{"line1":"340 Main St","city":"Berlin","country":"DE","zip":"98317"}'::jsonb, now() - interval '60 days', now() - interval '58 days');
INSERT INTO order_items (order_id,product_id,qty,price) VALUES ('530a6006-af57-4b04-92bb-cb1d11ca8456','713512a9-08d9-44ae-bf46-dd8b163f5206',2,161.38);
INSERT INTO order_items (order_id,product_id,qty,price) VALUES ('530a6006-af57-4b04-92bb-cb1d11ca8456','ee296b36-62a2-4be4-bdbb-871cb5ad05f2',3,129.56);
INSERT INTO order_items (order_id,product_id,qty,price) VALUES ('530a6006-af57-4b04-92bb-cb1d11ca8456','d55b2ee3-d0b6-4841-b42a-d51735e9ac0a',2,60.45);
INSERT INTO order_items (order_id,product_id,qty,price) VALUES ('530a6006-af57-4b04-92bb-cb1d11ca8456','628d8079-8072-47eb-9eae-b22cbaffb747',3,119.75);
INSERT INTO orders (id,shopper_id,seller_id,subtotal,shipping,discount,total,status,payment_status,shipping_status,payment_method,carrier,tracking_number,shipping_address,created_at,updated_at) VALUES ('ac19b022-6f30-4b81-b6fe-ed8411eaea0d','b806130d-eb1a-4225-bc64-4494b215a7ce','27cc7b6b-164e-4cb7-8683-58f2ebba3aee',153.0,15.73,9.48,159.25,'cancelled','paid','not_shipped','card','DHL','TRK300051','{"line1":"587 Main St","city":"Berlin","country":"DE","zip":"24404"}'::jsonb, now() - interval '87 days', now() - interval '85 days');
INSERT INTO order_items (order_id,product_id,qty,price) VALUES ('ac19b022-6f30-4b81-b6fe-ed8411eaea0d','9d7b6abe-f643-4438-806e-65d53e25d017',2,89.57);
INSERT INTO orders (id,shopper_id,seller_id,subtotal,shipping,discount,total,status,payment_status,shipping_status,payment_method,carrier,tracking_number,shipping_address,created_at,updated_at) VALUES ('cee95987-65a9-4cf2-ada9-e61cb6cb7a28','091c1680-e499-40aa-a400-0240f0edf2e2','ab95a0d4-23e7-4643-86fb-f67ec1ea7e1c',340.09,19.37,31.31,328.15,'pending','failed','not_shipped','wallet','FedEx','TRK794395','{"line1":"575 Main St","city":"Berlin","country":"DE","zip":"52604"}'::jsonb, now() - interval '17 days', now() - interval '15 days');
INSERT INTO order_items (order_id,product_id,qty,price) VALUES ('cee95987-65a9-4cf2-ada9-e61cb6cb7a28','6fb4fa17-3a5c-4f54-a319-ffdc2c1c66c6',2,69.61);
INSERT INTO order_items (order_id,product_id,qty,price) VALUES ('cee95987-65a9-4cf2-ada9-e61cb6cb7a28','f527eca5-7325-44a3-a49f-d49e3adf146d',2,183.3);
INSERT INTO order_items (order_id,product_id,qty,price) VALUES ('cee95987-65a9-4cf2-ada9-e61cb6cb7a28','d6040b4c-fcc6-4253-a174-6eafcfbdf5dd',3,77.31);
INSERT INTO order_items (order_id,product_id,qty,price) VALUES ('cee95987-65a9-4cf2-ada9-e61cb6cb7a28','ac4defe5-3584-418e-95a5-1696680840ff',3,139.34);
INSERT INTO orders (id,shopper_id,seller_id,subtotal,shipping,discount,total,status,payment_status,shipping_status,payment_method,carrier,tracking_number,shipping_address,created_at,updated_at) VALUES ('29d6606d-c25b-45bb-b930-90b3aeb9f392','eadb7efa-2769-4502-84ba-91cbcfe91719','27cc7b6b-164e-4cb7-8683-58f2ebba3aee',169.97,6.16,9.49,166.64,'delivered','paid','delivered','paypal','FedEx','TRK432441','{"line1":"707 Main St","city":"Berlin","country":"DE","zip":"74094"}'::jsonb, now() - interval '38 days', now() - interval '36 days');
INSERT INTO order_items (order_id,product_id,qty,price) VALUES ('29d6606d-c25b-45bb-b930-90b3aeb9f392','4f28d01d-374d-43ac-a445-a86071484fa3',3,187.4);
INSERT INTO order_items (order_id,product_id,qty,price) VALUES ('29d6606d-c25b-45bb-b930-90b3aeb9f392','d52aad4b-87d2-4a9d-9ddd-df5c6ff96f84',3,61.96);
INSERT INTO order_items (order_id,product_id,qty,price) VALUES ('29d6606d-c25b-45bb-b930-90b3aeb9f392','b80c50d0-e26e-4260-8cfd-5f8679d90492',3,138.56);
INSERT INTO order_items (order_id,product_id,qty,price) VALUES ('29d6606d-c25b-45bb-b930-90b3aeb9f392','8a018027-1cca-4061-8e74-f6e2375c3337',2,165.49);
INSERT INTO orders (id,shopper_id,seller_id,subtotal,shipping,discount,total,status,payment_status,shipping_status,payment_method,carrier,tracking_number,shipping_address,created_at,updated_at) VALUES ('4d2c3ca3-dc81-49f7-bcd4-5b0d55509219','5919aa48-f90f-41e2-8820-781df9872d8c','3e12fc01-7999-4048-80df-6a0086af48eb',52.81,23.88,0.42,76.27,'refunded','failed','delivered','wallet','Aramex','TRK968170','{"line1":"220 Main St","city":"Berlin","country":"DE","zip":"36485"}'::jsonb, now() - interval '32 days', now() - interval '30 days');
INSERT INTO order_items (order_id,product_id,qty,price) VALUES ('4d2c3ca3-dc81-49f7-bcd4-5b0d55509219','418d6841-c551-47d5-afeb-605623ecf2e6',3,142.27);
INSERT INTO order_items (order_id,product_id,qty,price) VALUES ('4d2c3ca3-dc81-49f7-bcd4-5b0d55509219','89112b8b-879a-49a8-a843-c9ddce073f71',1,126.98);
INSERT INTO order_items (order_id,product_id,qty,price) VALUES ('4d2c3ca3-dc81-49f7-bcd4-5b0d55509219','713512a9-08d9-44ae-bf46-dd8b163f5206',1,56.07);
INSERT INTO orders (id,shopper_id,seller_id,subtotal,shipping,discount,total,status,payment_status,shipping_status,payment_method,carrier,tracking_number,shipping_address,created_at,updated_at) VALUES ('651cc646-993a-4df9-9207-278e71940d14','e9cbeef7-1536-490b-9edb-967715af55c2','ab95a0d4-23e7-4643-86fb-f67ec1ea7e1c',517.6,1.31,21.39,497.52,'refunded','paid','delivered','card','DHL','TRK265613','{"line1":"988 Main St","city":"Berlin","country":"DE","zip":"82135"}'::jsonb, now() - interval '87 days', now() - interval '85 days');
INSERT INTO order_items (order_id,product_id,qty,price) VALUES ('651cc646-993a-4df9-9207-278e71940d14','628d8079-8072-47eb-9eae-b22cbaffb747',2,100.72);
INSERT INTO order_items (order_id,product_id,qty,price) VALUES ('651cc646-993a-4df9-9207-278e71940d14','0d73cb52-cb11-48d5-996f-344c8ac41ef9',2,71.02);
INSERT INTO order_items (order_id,product_id,qty,price) VALUES ('651cc646-993a-4df9-9207-278e71940d14','628d8079-8072-47eb-9eae-b22cbaffb747',1,182.51);
INSERT INTO order_items (order_id,product_id,qty,price) VALUES ('651cc646-993a-4df9-9207-278e71940d14','5afe9506-9b7e-4bbc-8ab1-a753fab2391c',3,119.09);
INSERT INTO orders (id,shopper_id,seller_id,subtotal,shipping,discount,total,status,payment_status,shipping_status,payment_method,carrier,tracking_number,shipping_address,created_at,updated_at) VALUES ('682a1e83-6be8-460c-b705-aadd0a0e76ee','fadddecc-8835-45bc-bd74-7d2b6093a2bd','5d34c408-427a-47e6-ad11-f31448b7af48',732.32,4.38,64.61,672.09,'shipped','paid','in_transit','paypal','Aramex','TRK139286','{"line1":"191 Main St","city":"Berlin","country":"DE","zip":"47941"}'::jsonb, now() - interval '4 days', now() - interval '2 days');
INSERT INTO order_items (order_id,product_id,qty,price) VALUES ('682a1e83-6be8-460c-b705-aadd0a0e76ee','5adeb11f-c34f-4237-9825-4f58d77afd4c',3,124.53);
INSERT INTO orders (id,shopper_id,seller_id,subtotal,shipping,discount,total,status,payment_status,shipping_status,payment_method,carrier,tracking_number,shipping_address,created_at,updated_at) VALUES ('90f458b0-746a-4255-b193-25b2776f9214','4d6a4ac3-7a6b-4f80-9c6d-cfb0d1343ca4','3e12fc01-7999-4048-80df-6a0086af48eb',374.39,16.03,19.63,370.79,'shipped','paid','in_transit','paypal','UPS','TRK446747','{"line1":"198 Main St","city":"Berlin","country":"DE","zip":"24764"}'::jsonb, now() - interval '64 days', now() - interval '62 days');
INSERT INTO order_items (order_id,product_id,qty,price) VALUES ('90f458b0-746a-4255-b193-25b2776f9214','ee296b36-62a2-4be4-bdbb-871cb5ad05f2',2,133.17);
INSERT INTO order_items (order_id,product_id,qty,price) VALUES ('90f458b0-746a-4255-b193-25b2776f9214','dce8e049-962c-49e5-bd48-504eae8bf271',1,12.68);
INSERT INTO orders (id,shopper_id,seller_id,subtotal,shipping,discount,total,status,payment_status,shipping_status,payment_method,carrier,tracking_number,shipping_address,created_at,updated_at) VALUES ('6b507e0c-57b3-44bb-9d46-b2fb43795961','4d6a4ac3-7a6b-4f80-9c6d-cfb0d1343ca4','3e12fc01-7999-4048-80df-6a0086af48eb',462.87,18.93,8.12,473.68,'cancelled','pending','not_shipped','paypal','DHL','TRK200018','{"line1":"411 Main St","city":"Berlin","country":"DE","zip":"97720"}'::jsonb, now() - interval '65 days', now() - interval '63 days');
INSERT INTO order_items (order_id,product_id,qty,price) VALUES ('6b507e0c-57b3-44bb-9d46-b2fb43795961','89112b8b-879a-49a8-a843-c9ddce073f71',2,71.48);
INSERT INTO order_items (order_id,product_id,qty,price) VALUES ('6b507e0c-57b3-44bb-9d46-b2fb43795961','173f6809-9e2e-4771-bd35-c953c3144c2f',1,59.55);
INSERT INTO orders (id,shopper_id,seller_id,subtotal,shipping,discount,total,status,payment_status,shipping_status,payment_method,carrier,tracking_number,shipping_address,created_at,updated_at) VALUES ('52cc37e6-095f-44d7-be0e-f6dc2085d25e','03f3c993-dd22-4430-84f5-8b8ae4632538','27cc7b6b-164e-4cb7-8683-58f2ebba3aee',607.93,23.85,18.36,613.42,'pending','pending','not_shipped','paypal','FedEx','TRK223967','{"line1":"64 Main St","city":"Berlin","country":"DE","zip":"97528"}'::jsonb, now() - interval '83 days', now() - interval '81 days');
INSERT INTO order_items (order_id,product_id,qty,price) VALUES ('52cc37e6-095f-44d7-be0e-f6dc2085d25e','5adeb11f-c34f-4237-9825-4f58d77afd4c',1,87.03);
INSERT INTO order_items (order_id,product_id,qty,price) VALUES ('52cc37e6-095f-44d7-be0e-f6dc2085d25e','1e9cee8b-15ad-4fd1-874d-be5e58f60655',3,156.27);
INSERT INTO order_items (order_id,product_id,qty,price) VALUES ('52cc37e6-095f-44d7-be0e-f6dc2085d25e','e656698a-447f-4641-97fc-a25e135e2646',1,131.36);
INSERT INTO order_items (order_id,product_id,qty,price) VALUES ('52cc37e6-095f-44d7-be0e-f6dc2085d25e','f84fd632-28e9-4fa7-bcda-01ec9ddff84d',2,126.78);
INSERT INTO orders (id,shopper_id,seller_id,subtotal,shipping,discount,total,status,payment_status,shipping_status,payment_method,carrier,tracking_number,shipping_address,created_at,updated_at) VALUES ('12f1b33b-ab6f-4aac-a284-eb656cf9db26','03f3c993-dd22-4430-84f5-8b8ae4632538','2beaf4c9-4dcc-4e16-97e9-ec8a231a9afb',392.98,11.37,38.86,365.49,'delivered','paid','delivered','wallet','Aramex','TRK940952','{"line1":"776 Main St","city":"Berlin","country":"DE","zip":"80453"}'::jsonb, now() - interval '53 days', now() - interval '51 days');
INSERT INTO order_items (order_id,product_id,qty,price) VALUES ('12f1b33b-ab6f-4aac-a284-eb656cf9db26','c1f3710d-1612-462d-a8be-3b89a8b039f2',1,139.26);
INSERT INTO order_items (order_id,product_id,qty,price) VALUES ('12f1b33b-ab6f-4aac-a284-eb656cf9db26','d55b2ee3-d0b6-4841-b42a-d51735e9ac0a',1,109.85);
INSERT INTO orders (id,shopper_id,seller_id,subtotal,shipping,discount,total,status,payment_status,shipping_status,payment_method,carrier,tracking_number,shipping_address,created_at,updated_at) VALUES ('35955754-e019-4586-b9c1-d611572dc09e','e9cbeef7-1536-490b-9edb-967715af55c2','36f73885-6b52-4004-9b1d-64485f2176d8',80.92,14.1,0.5,94.52,'delivered','paid','delivered','wallet','FedEx','TRK995993','{"line1":"169 Main St","city":"Berlin","country":"DE","zip":"53007"}'::jsonb, now() - interval '73 days', now() - interval '71 days');
INSERT INTO order_items (order_id,product_id,qty,price) VALUES ('35955754-e019-4586-b9c1-d611572dc09e','b80c50d0-e26e-4260-8cfd-5f8679d90492',3,49.03);
INSERT INTO order_items (order_id,product_id,qty,price) VALUES ('35955754-e019-4586-b9c1-d611572dc09e','713512a9-08d9-44ae-bf46-dd8b163f5206',2,27.28);
INSERT INTO order_items (order_id,product_id,qty,price) VALUES ('35955754-e019-4586-b9c1-d611572dc09e','1e9cee8b-15ad-4fd1-874d-be5e58f60655',2,163.65);
INSERT INTO order_items (order_id,product_id,qty,price) VALUES ('35955754-e019-4586-b9c1-d611572dc09e','99678b15-75db-428d-bc94-97fe85f8b2e5',1,107.52);
INSERT INTO orders (id,shopper_id,seller_id,subtotal,shipping,discount,total,status,payment_status,shipping_status,payment_method,carrier,tracking_number,shipping_address,created_at,updated_at) VALUES ('ebe76b12-f36f-4382-9f9c-4f4a04083598','134f28f4-1544-4e8b-985e-f0d2d39360dc','5d34c408-427a-47e6-ad11-f31448b7af48',455.86,16.82,14.05,458.63,'pending','pending','not_shipped','card','FedEx','TRK147489','{"line1":"593 Main St","city":"Berlin","country":"DE","zip":"19572"}'::jsonb, now() - interval '32 days', now() - interval '30 days');
INSERT INTO order_items (order_id,product_id,qty,price) VALUES ('ebe76b12-f36f-4382-9f9c-4f4a04083598','4f28d01d-374d-43ac-a445-a86071484fa3',3,22.11);
INSERT INTO order_items (order_id,product_id,qty,price) VALUES ('ebe76b12-f36f-4382-9f9c-4f4a04083598','3f430ca4-3bad-4931-83db-3ce955c38331',1,197.37);
INSERT INTO order_items (order_id,product_id,qty,price) VALUES ('ebe76b12-f36f-4382-9f9c-4f4a04083598','1dd55013-f18d-46bb-a09f-1879eccc7a84',1,64.55);
INSERT INTO order_items (order_id,product_id,qty,price) VALUES ('ebe76b12-f36f-4382-9f9c-4f4a04083598','f527eca5-7325-44a3-a49f-d49e3adf146d',1,155.51);
INSERT INTO transactions (user_id,order_id,amount,type,status,provider,provider_ref,flagged,flag_reason,currency,created_at) VALUES ('5d34c408-427a-47e6-ad11-f31448b7af48',NULL,567.95,'fee','completed','paypal','REF-493892',false,NULL,'USD', now() - interval '10 days');
INSERT INTO transactions (user_id,order_id,amount,type,status,provider,provider_ref,flagged,flag_reason,currency,created_at) VALUES ('5919aa48-f90f-41e2-8820-781df9872d8c','cee95987-65a9-4cf2-ada9-e61cb6cb7a28',186.76,'refund','failed','stripe','REF-863214',false,NULL,'USD', now() - interval '28 days');
INSERT INTO transactions (user_id,order_id,amount,type,status,provider,provider_ref,flagged,flag_reason,currency,created_at) VALUES ('fdab51f4-d55e-4dd4-abc4-1f2109434982','2fea675b-fa85-4050-90d7-4c809761cd35',1013.51,'fee','failed','paypal','REF-963355',false,NULL,'USD', now() - interval '29 days');
INSERT INTO transactions (user_id,order_id,amount,type,status,provider,provider_ref,flagged,flag_reason,currency,created_at) VALUES ('5919aa48-f90f-41e2-8820-781df9872d8c','a5295dec-e158-4c96-96cb-b964d006e302',290.84,'refund','completed','adyen','REF-539605',true,'Suspicious amount','USD', now() - interval '78 days');
INSERT INTO transactions (user_id,order_id,amount,type,status,provider,provider_ref,flagged,flag_reason,currency,created_at) VALUES ('03f3c993-dd22-4430-84f5-8b8ae4632538','2fea675b-fa85-4050-90d7-4c809761cd35',110.26,'payout','reversed','adyen','REF-804667',true,'Suspicious amount','USD', now() - interval '90 days');
INSERT INTO transactions (user_id,order_id,amount,type,status,provider,provider_ref,flagged,flag_reason,currency,created_at) VALUES ('03f3c993-dd22-4430-84f5-8b8ae4632538',NULL,609.38,'payment','completed','stripe','REF-246942',false,NULL,'USD', now() - interval '64 days');
INSERT INTO transactions (user_id,order_id,amount,type,status,provider,provider_ref,flagged,flag_reason,currency,created_at) VALUES ('03f3c993-dd22-4430-84f5-8b8ae4632538',NULL,485.17,'adjustment','reversed','paypal','REF-348411',false,NULL,'USD', now() - interval '38 days');
INSERT INTO transactions (user_id,order_id,amount,type,status,provider,provider_ref,flagged,flag_reason,currency,created_at) VALUES ('b59782da-fd23-4226-8e44-a37d485d26c5',NULL,339.35,'adjustment','completed','adyen','REF-720407',false,NULL,'USD', now() - interval '22 days');
INSERT INTO transactions (user_id,order_id,amount,type,status,provider,provider_ref,flagged,flag_reason,currency,created_at) VALUES ('fadddecc-8835-45bc-bd74-7d2b6093a2bd','93d6a155-8673-4f69-a0e8-a88aabc3d3d2',79.86,'fee','completed','adyen','REF-499669',false,NULL,'USD', now() - interval '67 days');
INSERT INTO transactions (user_id,order_id,amount,type,status,provider,provider_ref,flagged,flag_reason,currency,created_at) VALUES ('091c1680-e499-40aa-a400-0240f0edf2e2','8abe6e94-9417-4883-9c90-e5ad0410f3f7',456.83,'payout','completed','paypal','REF-352673',false,NULL,'USD', now() - interval '28 days');
INSERT INTO transactions (user_id,order_id,amount,type,status,provider,provider_ref,flagged,flag_reason,currency,created_at) VALUES ('36f73885-6b52-4004-9b1d-64485f2176d8','48fcd4cb-477b-4323-a388-b9b900958e0c',1372.96,'fee','failed','paypal','REF-684357',false,NULL,'USD', now() - interval '67 days');
INSERT INTO transactions (user_id,order_id,amount,type,status,provider,provider_ref,flagged,flag_reason,currency,created_at) VALUES ('eadb7efa-2769-4502-84ba-91cbcfe91719','df177b27-ec9e-47fb-a824-2cd016cf49fa',502.09,'payout','completed','paypal','REF-196955',false,NULL,'USD', now() - interval '68 days');
INSERT INTO transactions (user_id,order_id,amount,type,status,provider,provider_ref,flagged,flag_reason,currency,created_at) VALUES ('b806130d-eb1a-4225-bc64-4494b215a7ce','0548aff4-8b80-4035-9524-737454cf8f57',571.98,'refund','reversed','stripe','REF-297303',false,NULL,'USD', now() - interval '75 days');
INSERT INTO transactions (user_id,order_id,amount,type,status,provider,provider_ref,flagged,flag_reason,currency,created_at) VALUES ('f7317c06-75df-4c51-948d-5ef1dd3568b7','4d2c3ca3-dc81-49f7-bcd4-5b0d55509219',321.24,'fee','completed','stripe','REF-322096',false,NULL,'USD', now() - interval '24 days');
INSERT INTO transactions (user_id,order_id,amount,type,status,provider,provider_ref,flagged,flag_reason,currency,created_at) VALUES ('90708a35-a169-4369-94f4-8aa3f4f98278',NULL,1372.52,'fee','reversed','paypal','REF-350956',false,NULL,'USD', now() - interval '70 days');
INSERT INTO transactions (user_id,order_id,amount,type,status,provider,provider_ref,flagged,flag_reason,currency,created_at) VALUES ('77768d10-fe36-4a36-9b96-184f3f954c99','4e1835d0-cbfb-46e4-9ff1-1a13c5deeb6b',805.14,'fee','completed','paypal','REF-637727',false,NULL,'USD', now() - interval '63 days');
INSERT INTO transactions (user_id,order_id,amount,type,status,provider,provider_ref,flagged,flag_reason,currency,created_at) VALUES ('3e12fc01-7999-4048-80df-6a0086af48eb','4beb6056-cc8f-4fa3-843b-79af0aa0251a',1372.35,'refund','completed','stripe','REF-689849',false,NULL,'USD', now() - interval '28 days');
INSERT INTO transactions (user_id,order_id,amount,type,status,provider,provider_ref,flagged,flag_reason,currency,created_at) VALUES ('eadb7efa-2769-4502-84ba-91cbcfe91719','2fea675b-fa85-4050-90d7-4c809761cd35',1402.79,'adjustment','reversed','paypal','REF-259814',false,NULL,'USD', now() - interval '25 days');
INSERT INTO transactions (user_id,order_id,amount,type,status,provider,provider_ref,flagged,flag_reason,currency,created_at) VALUES ('1d58c112-0638-44c8-b5c0-b9d4f9c72dac','5f16e42c-ca06-472a-9670-edb2f23e9943',753.96,'payout','completed','paypal','REF-858705',false,NULL,'USD', now() - interval '82 days');
INSERT INTO transactions (user_id,order_id,amount,type,status,provider,provider_ref,flagged,flag_reason,currency,created_at) VALUES ('b04e50f8-9f60-4897-b5d7-2aeee7cfb4f5','13b03039-d518-414f-9c37-f266d01239e0',262.21,'refund','failed','adyen','REF-772985',false,NULL,'USD', now() - interval '7 days');
INSERT INTO transactions (user_id,order_id,amount,type,status,provider,provider_ref,flagged,flag_reason,currency,created_at) VALUES ('9e80fdb4-88aa-4a87-adaf-a9cb23282919','cd96409c-1263-45e7-a6ca-2fbb4aca7403',1148.86,'payment','completed','adyen','REF-342675',false,NULL,'USD', now() - interval '8 days');
INSERT INTO transactions (user_id,order_id,amount,type,status,provider,provider_ref,flagged,flag_reason,currency,created_at) VALUES ('f7317c06-75df-4c51-948d-5ef1dd3568b7','5bc37b21-9d18-4863-982e-1539c3477b8a',689.45,'adjustment','completed','adyen','REF-746467',false,NULL,'USD', now() - interval '61 days');
INSERT INTO transactions (user_id,order_id,amount,type,status,provider,provider_ref,flagged,flag_reason,currency,created_at) VALUES ('da346bbe-af09-4201-8b17-def3c40ed4e2','2fea675b-fa85-4050-90d7-4c809761cd35',831.95,'adjustment','completed','adyen','REF-388086',true,'Suspicious amount','USD', now() - interval '68 days');
INSERT INTO transactions (user_id,order_id,amount,type,status,provider,provider_ref,flagged,flag_reason,currency,created_at) VALUES ('da346bbe-af09-4201-8b17-def3c40ed4e2',NULL,1221.6,'adjustment','completed','stripe','REF-212214',false,NULL,'USD', now() - interval '12 days');
INSERT INTO transactions (user_id,order_id,amount,type,status,provider,provider_ref,flagged,flag_reason,currency,created_at) VALUES ('f7317c06-75df-4c51-948d-5ef1dd3568b7','6735cf04-8d62-4db2-a463-50b2ed36494e',794.42,'adjustment','completed','paypal','REF-182857',false,NULL,'USD', now() - interval '47 days');
INSERT INTO transactions (user_id,order_id,amount,type,status,provider,provider_ref,flagged,flag_reason,currency,created_at) VALUES ('134f28f4-1544-4e8b-985e-f0d2d39360dc',NULL,372.38,'adjustment','completed','stripe','REF-785491',false,NULL,'USD', now() - interval '83 days');
INSERT INTO transactions (user_id,order_id,amount,type,status,provider,provider_ref,flagged,flag_reason,currency,created_at) VALUES ('77768d10-fe36-4a36-9b96-184f3f954c99','c555d58f-1a80-46ce-bf51-13462d7bc373',571.98,'fee','pending','stripe','REF-836986',true,'Suspicious amount','USD', now() - interval '21 days');
INSERT INTO transactions (user_id,order_id,amount,type,status,provider,provider_ref,flagged,flag_reason,currency,created_at) VALUES ('5d34c408-427a-47e6-ad11-f31448b7af48','3bbaacb2-e8fd-4bd1-b9df-3e8e3ca885e7',853.13,'refund','completed','stripe','REF-340927',false,NULL,'USD', now() - interval '27 days');
INSERT INTO transactions (user_id,order_id,amount,type,status,provider,provider_ref,flagged,flag_reason,currency,created_at) VALUES ('2beaf4c9-4dcc-4e16-97e9-ec8a231a9afb',NULL,718.5,'adjustment','completed','adyen','REF-393992',false,NULL,'USD', now() - interval '69 days');
INSERT INTO transactions (user_id,order_id,amount,type,status,provider,provider_ref,flagged,flag_reason,currency,created_at) VALUES ('b04e50f8-9f60-4897-b5d7-2aeee7cfb4f5','9548b00e-ff9c-4364-8cc2-85e60041af98',33.33,'refund','completed','adyen','REF-960778',false,NULL,'USD', now() - interval '50 days');
INSERT INTO transactions (user_id,order_id,amount,type,status,provider,provider_ref,flagged,flag_reason,currency,created_at) VALUES ('fdab51f4-d55e-4dd4-abc4-1f2109434982',NULL,850.3,'payout','reversed','paypal','REF-809922',false,NULL,'USD', now() - interval '69 days');
INSERT INTO transactions (user_id,order_id,amount,type,status,provider,provider_ref,flagged,flag_reason,currency,created_at) VALUES ('36f73885-6b52-4004-9b1d-64485f2176d8','d6eff187-ecb2-4cf6-9166-1c3c8febf279',756.18,'payment','completed','paypal','REF-343420',true,'Suspicious amount','USD', now() - interval '9 days');
INSERT INTO transactions (user_id,order_id,amount,type,status,provider,provider_ref,flagged,flag_reason,currency,created_at) VALUES ('800c641f-5f83-4e08-bcaf-da579bf7ada8','35955754-e019-4586-b9c1-d611572dc09e',1453.69,'fee','completed','paypal','REF-921609',true,'Suspicious amount','USD', now() - interval '57 days');
INSERT INTO transactions (user_id,order_id,amount,type,status,provider,provider_ref,flagged,flag_reason,currency,created_at) VALUES ('fadddecc-8835-45bc-bd74-7d2b6093a2bd','db53b95f-d118-473b-8a1a-bd190702dea0',653.45,'fee','reversed','stripe','REF-909676',false,NULL,'USD', now() - interval '79 days');
INSERT INTO transactions (user_id,order_id,amount,type,status,provider,provider_ref,flagged,flag_reason,currency,created_at) VALUES ('2beaf4c9-4dcc-4e16-97e9-ec8a231a9afb','df177b27-ec9e-47fb-a824-2cd016cf49fa',132.24,'payment','completed','adyen','REF-261771',false,NULL,'USD', now() - interval '49 days');
INSERT INTO transactions (user_id,order_id,amount,type,status,provider,provider_ref,flagged,flag_reason,currency,created_at) VALUES ('7c889b7d-2db9-4b86-9d03-46afee13d5c3','5406aa07-447e-455e-b94d-4f449508094a',1415.01,'payment','pending','paypal','REF-207197',false,NULL,'USD', now() - interval '16 days');
INSERT INTO transactions (user_id,order_id,amount,type,status,provider,provider_ref,flagged,flag_reason,currency,created_at) VALUES ('134f28f4-1544-4e8b-985e-f0d2d39360dc','3bbaacb2-e8fd-4bd1-b9df-3e8e3ca885e7',836.56,'adjustment','completed','stripe','REF-471106',false,NULL,'USD', now() - interval '70 days');
INSERT INTO transactions (user_id,order_id,amount,type,status,provider,provider_ref,flagged,flag_reason,currency,created_at) VALUES ('36f73885-6b52-4004-9b1d-64485f2176d8','52cc37e6-095f-44d7-be0e-f6dc2085d25e',1296.94,'refund','completed','paypal','REF-917018',false,NULL,'USD', now() - interval '10 days');
INSERT INTO transactions (user_id,order_id,amount,type,status,provider,provider_ref,flagged,flag_reason,currency,created_at) VALUES ('03f3c993-dd22-4430-84f5-8b8ae4632538','4d2c3ca3-dc81-49f7-bcd4-5b0d55509219',786.45,'adjustment','completed','paypal','REF-415759',false,NULL,'USD', now() - interval '34 days');
INSERT INTO transactions (user_id,order_id,amount,type,status,provider,provider_ref,flagged,flag_reason,currency,created_at) VALUES ('b04e50f8-9f60-4897-b5d7-2aeee7cfb4f5','773c278b-5d85-40c8-82db-adeea70becd1',421.18,'fee','completed','stripe','REF-478666',false,NULL,'USD', now() - interval '32 days');
INSERT INTO transactions (user_id,order_id,amount,type,status,provider,provider_ref,flagged,flag_reason,currency,created_at) VALUES ('ab95a0d4-23e7-4643-86fb-f67ec1ea7e1c',NULL,894.77,'fee','completed','stripe','REF-419457',false,NULL,'USD', now() - interval '0 days');
INSERT INTO transactions (user_id,order_id,amount,type,status,provider,provider_ref,flagged,flag_reason,currency,created_at) VALUES ('4d6a4ac3-7a6b-4f80-9c6d-cfb0d1343ca4',NULL,576.04,'adjustment','completed','paypal','REF-955088',false,NULL,'USD', now() - interval '83 days');
INSERT INTO transactions (user_id,order_id,amount,type,status,provider,provider_ref,flagged,flag_reason,currency,created_at) VALUES ('5919aa48-f90f-41e2-8820-781df9872d8c',NULL,487.79,'refund','completed','stripe','REF-517584',false,NULL,'USD', now() - interval '40 days');
INSERT INTO transactions (user_id,order_id,amount,type,status,provider,provider_ref,flagged,flag_reason,currency,created_at) VALUES ('1d58c112-0638-44c8-b5c0-b9d4f9c72dac','6188d2d0-64df-4f01-8462-7f615f7366b3',495.57,'payout','completed','paypal','REF-482746',false,NULL,'USD', now() - interval '14 days');
INSERT INTO transactions (user_id,order_id,amount,type,status,provider,provider_ref,flagged,flag_reason,currency,created_at) VALUES ('f7317c06-75df-4c51-948d-5ef1dd3568b7',NULL,1495.92,'adjustment','completed','adyen','REF-128223',false,NULL,'USD', now() - interval '59 days');
INSERT INTO transactions (user_id,order_id,amount,type,status,provider,provider_ref,flagged,flag_reason,currency,created_at) VALUES ('f7317c06-75df-4c51-948d-5ef1dd3568b7',NULL,1198.55,'fee','completed','paypal','REF-805668',false,NULL,'USD', now() - interval '63 days');
INSERT INTO transactions (user_id,order_id,amount,type,status,provider,provider_ref,flagged,flag_reason,currency,created_at) VALUES ('03f3c993-dd22-4430-84f5-8b8ae4632538','5b461841-3c8a-4d9a-8895-43b88f37c1cf',991.41,'refund','completed','stripe','REF-570880',false,NULL,'USD', now() - interval '76 days');
INSERT INTO transactions (user_id,order_id,amount,type,status,provider,provider_ref,flagged,flag_reason,currency,created_at) VALUES ('fadddecc-8835-45bc-bd74-7d2b6093a2bd','ba71f950-304b-4e3e-bc5e-113918e3c473',1386.01,'adjustment','completed','paypal','REF-835716',false,NULL,'USD', now() - interval '68 days');
INSERT INTO transactions (user_id,order_id,amount,type,status,provider,provider_ref,flagged,flag_reason,currency,created_at) VALUES ('90708a35-a169-4369-94f4-8aa3f4f98278','8e30772a-c4e0-4a90-8116-deeb7a90355c',989.83,'payout','completed','adyen','REF-146448',false,NULL,'USD', now() - interval '72 days');
INSERT INTO transactions (user_id,order_id,amount,type,status,provider,provider_ref,flagged,flag_reason,currency,created_at) VALUES ('b59782da-fd23-4226-8e44-a37d485d26c5',NULL,1450.55,'fee','completed','paypal','REF-211090',false,NULL,'USD', now() - interval '1 days');
INSERT INTO transactions (user_id,order_id,amount,type,status,provider,provider_ref,flagged,flag_reason,currency,created_at) VALUES ('e9cbeef7-1536-490b-9edb-967715af55c2','c693cccf-1f0e-413f-bdfe-8f09a7514a08',841.41,'adjustment','reversed','paypal','REF-510133',false,NULL,'USD', now() - interval '59 days');
INSERT INTO transactions (user_id,order_id,amount,type,status,provider,provider_ref,flagged,flag_reason,currency,created_at) VALUES ('2beaf4c9-4dcc-4e16-97e9-ec8a231a9afb','6b507e0c-57b3-44bb-9d46-b2fb43795961',234.61,'adjustment','completed','paypal','REF-536181',false,NULL,'USD', now() - interval '10 days');
INSERT INTO transactions (user_id,order_id,amount,type,status,provider,provider_ref,flagged,flag_reason,currency,created_at) VALUES ('897df18c-90a1-49b1-aee6-624b87e6bd53','48fcd4cb-477b-4323-a388-b9b900958e0c',521.17,'refund','completed','paypal','REF-599292',false,NULL,'USD', now() - interval '12 days');
INSERT INTO transactions (user_id,order_id,amount,type,status,provider,provider_ref,flagged,flag_reason,currency,created_at) VALUES ('4d6a4ac3-7a6b-4f80-9c6d-cfb0d1343ca4','d7f6dfc2-07b2-4c15-b19e-68cc05ecf74b',457.39,'payment','completed','paypal','REF-779445',true,'Suspicious amount','USD', now() - interval '13 days');
INSERT INTO transactions (user_id,order_id,amount,type,status,provider,provider_ref,flagged,flag_reason,currency,created_at) VALUES ('ab95a0d4-23e7-4643-86fb-f67ec1ea7e1c','82e82b1c-3fb7-44c6-9e02-208f54750038',778.83,'payout','failed','adyen','REF-547080',false,NULL,'USD', now() - interval '59 days');
INSERT INTO transactions (user_id,order_id,amount,type,status,provider,provider_ref,flagged,flag_reason,currency,created_at) VALUES ('5d34c408-427a-47e6-ad11-f31448b7af48','ba71f950-304b-4e3e-bc5e-113918e3c473',287.72,'payout','completed','adyen','REF-743937',false,NULL,'USD', now() - interval '25 days');
INSERT INTO transactions (user_id,order_id,amount,type,status,provider,provider_ref,flagged,flag_reason,currency,created_at) VALUES ('77768d10-fe36-4a36-9b96-184f3f954c99','93d6a155-8673-4f69-a0e8-a88aabc3d3d2',1060.06,'payment','completed','adyen','REF-948014',false,NULL,'USD', now() - interval '8 days');
INSERT INTO transactions (user_id,order_id,amount,type,status,provider,provider_ref,flagged,flag_reason,currency,created_at) VALUES ('b04e50f8-9f60-4897-b5d7-2aeee7cfb4f5','ac19b022-6f30-4b81-b6fe-ed8411eaea0d',495.72,'refund','pending','adyen','REF-613261',false,NULL,'USD', now() - interval '67 days');
INSERT INTO transactions (user_id,order_id,amount,type,status,provider,provider_ref,flagged,flag_reason,currency,created_at) VALUES ('4d6a4ac3-7a6b-4f80-9c6d-cfb0d1343ca4',NULL,589.07,'adjustment','completed','paypal','REF-469082',false,NULL,'USD', now() - interval '58 days');
INSERT INTO transactions (user_id,order_id,amount,type,status,provider,provider_ref,flagged,flag_reason,currency,created_at) VALUES ('800c641f-5f83-4e08-bcaf-da579bf7ada8','5b461841-3c8a-4d9a-8895-43b88f37c1cf',136.28,'adjustment','completed','stripe','REF-420214',false,NULL,'USD', now() - interval '14 days');
INSERT INTO transactions (user_id,order_id,amount,type,status,provider,provider_ref,flagged,flag_reason,currency,created_at) VALUES ('e9cbeef7-1536-490b-9edb-967715af55c2','48fcd4cb-477b-4323-a388-b9b900958e0c',633.18,'fee','completed','paypal','REF-294776',false,NULL,'USD', now() - interval '62 days');
INSERT INTO transactions (user_id,order_id,amount,type,status,provider,provider_ref,flagged,flag_reason,currency,created_at) VALUES ('fadddecc-8835-45bc-bd74-7d2b6093a2bd','5e337b37-e282-45aa-b04b-43004c948af3',739.57,'payout','completed','paypal','REF-749498',false,NULL,'USD', now() - interval '6 days');
INSERT INTO transactions (user_id,order_id,amount,type,status,provider,provider_ref,flagged,flag_reason,currency,created_at) VALUES ('da346bbe-af09-4201-8b17-def3c40ed4e2',NULL,213.44,'fee','completed','adyen','REF-784793',false,NULL,'USD', now() - interval '63 days');
INSERT INTO transactions (user_id,order_id,amount,type,status,provider,provider_ref,flagged,flag_reason,currency,created_at) VALUES ('091c1680-e499-40aa-a400-0240f0edf2e2','6188d2d0-64df-4f01-8462-7f615f7366b3',738.16,'fee','completed','stripe','REF-406278',false,NULL,'USD', now() - interval '4 days');
INSERT INTO transactions (user_id,order_id,amount,type,status,provider,provider_ref,flagged,flag_reason,currency,created_at) VALUES ('fdab51f4-d55e-4dd4-abc4-1f2109434982','ac19b022-6f30-4b81-b6fe-ed8411eaea0d',1173.3,'payout','reversed','paypal','REF-676429',false,NULL,'USD', now() - interval '65 days');
INSERT INTO transactions (user_id,order_id,amount,type,status,provider,provider_ref,flagged,flag_reason,currency,created_at) VALUES ('eadb7efa-2769-4502-84ba-91cbcfe91719','b7957e3d-23c4-4499-ac65-124696ed4754',1236.69,'adjustment','completed','stripe','REF-896922',false,NULL,'USD', now() - interval '56 days');
INSERT INTO transactions (user_id,order_id,amount,type,status,provider,provider_ref,flagged,flag_reason,currency,created_at) VALUES ('90708a35-a169-4369-94f4-8aa3f4f98278','93d6a155-8673-4f69-a0e8-a88aabc3d3d2',453.59,'payout','completed','paypal','REF-956401',false,NULL,'USD', now() - interval '11 days');
INSERT INTO transactions (user_id,order_id,amount,type,status,provider,provider_ref,flagged,flag_reason,currency,created_at) VALUES ('3e12fc01-7999-4048-80df-6a0086af48eb','fe20f9b2-003d-46b3-b33c-c2c5afdf0c16',322.72,'payout','reversed','adyen','REF-739905',false,NULL,'USD', now() - interval '80 days');
INSERT INTO transactions (user_id,order_id,amount,type,status,provider,provider_ref,flagged,flag_reason,currency,created_at) VALUES ('5919aa48-f90f-41e2-8820-781df9872d8c','35955754-e019-4586-b9c1-d611572dc09e',1222.16,'payout','completed','adyen','REF-394739',false,NULL,'USD', now() - interval '76 days');
INSERT INTO transactions (user_id,order_id,amount,type,status,provider,provider_ref,flagged,flag_reason,currency,created_at) VALUES ('2beaf4c9-4dcc-4e16-97e9-ec8a231a9afb','79bc4895-66bc-44f4-8257-16a5a9fcc33c',441.11,'refund','completed','adyen','REF-812296',false,NULL,'USD', now() - interval '12 days');
INSERT INTO transactions (user_id,order_id,amount,type,status,provider,provider_ref,flagged,flag_reason,currency,created_at) VALUES ('b806130d-eb1a-4225-bc64-4494b215a7ce','beafa9da-527e-4a2e-ae62-2cdf2c72996b',1301.9,'refund','completed','stripe','REF-361805',false,NULL,'USD', now() - interval '18 days');
INSERT INTO transactions (user_id,order_id,amount,type,status,provider,provider_ref,flagged,flag_reason,currency,created_at) VALUES ('3e12fc01-7999-4048-80df-6a0086af48eb','df177b27-ec9e-47fb-a824-2cd016cf49fa',739.29,'fee','reversed','adyen','REF-534346',false,NULL,'USD', now() - interval '48 days');
INSERT INTO transactions (user_id,order_id,amount,type,status,provider,provider_ref,flagged,flag_reason,currency,created_at) VALUES ('77768d10-fe36-4a36-9b96-184f3f954c99','c555d58f-1a80-46ce-bf51-13462d7bc373',1127.21,'adjustment','completed','paypal','REF-443187',false,NULL,'USD', now() - interval '74 days');
INSERT INTO transactions (user_id,order_id,amount,type,status,provider,provider_ref,flagged,flag_reason,currency,created_at) VALUES ('ab95a0d4-23e7-4643-86fb-f67ec1ea7e1c','c555d58f-1a80-46ce-bf51-13462d7bc373',955.91,'fee','completed','adyen','REF-517035',false,NULL,'USD', now() - interval '27 days');
INSERT INTO transactions (user_id,order_id,amount,type,status,provider,provider_ref,flagged,flag_reason,currency,created_at) VALUES ('9e80fdb4-88aa-4a87-adaf-a9cb23282919',NULL,747.13,'payout','completed','paypal','REF-673896',false,NULL,'USD', now() - interval '73 days');
INSERT INTO transactions (user_id,order_id,amount,type,status,provider,provider_ref,flagged,flag_reason,currency,created_at) VALUES ('36f73885-6b52-4004-9b1d-64485f2176d8','6188d2d0-64df-4f01-8462-7f615f7366b3',1342.29,'refund','completed','adyen','REF-921967',true,'Suspicious amount','USD', now() - interval '58 days');
INSERT INTO transactions (user_id,order_id,amount,type,status,provider,provider_ref,flagged,flag_reason,currency,created_at) VALUES ('134f28f4-1544-4e8b-985e-f0d2d39360dc','552d7fa8-8d88-4054-86ab-2fe9d24030bf',11.01,'fee','completed','adyen','REF-238320',false,NULL,'USD', now() - interval '83 days');
INSERT INTO transactions (user_id,order_id,amount,type,status,provider,provider_ref,flagged,flag_reason,currency,created_at) VALUES ('7c889b7d-2db9-4b86-9d03-46afee13d5c3','ed2f7df8-bddd-46a9-be6a-9d5bb89feb5f',383.08,'refund','completed','adyen','REF-273565',false,NULL,'USD', now() - interval '6 days');
INSERT INTO transactions (user_id,order_id,amount,type,status,provider,provider_ref,flagged,flag_reason,currency,created_at) VALUES ('ab95a0d4-23e7-4643-86fb-f67ec1ea7e1c','028352ae-2927-49a3-8565-fcaebfe7ea7d',649.55,'payout','completed','stripe','REF-323788',false,NULL,'USD', now() - interval '61 days');
INSERT INTO transactions (user_id,order_id,amount,type,status,provider,provider_ref,flagged,flag_reason,currency,created_at) VALUES ('03f3c993-dd22-4430-84f5-8b8ae4632538','6b507e0c-57b3-44bb-9d46-b2fb43795961',1023.17,'adjustment','completed','paypal','REF-956800',true,'Suspicious amount','USD', now() - interval '15 days');
INSERT INTO transactions (user_id,order_id,amount,type,status,provider,provider_ref,flagged,flag_reason,currency,created_at) VALUES ('091c1680-e499-40aa-a400-0240f0edf2e2',NULL,721.77,'payout','completed','adyen','REF-945106',false,NULL,'USD', now() - interval '13 days');
INSERT INTO transactions (user_id,order_id,amount,type,status,provider,provider_ref,flagged,flag_reason,currency,created_at) VALUES ('fdab51f4-d55e-4dd4-abc4-1f2109434982','28605904-3c3f-4368-b487-0629f9dd55cf',580.25,'payout','completed','adyen','REF-249792',false,NULL,'USD', now() - interval '8 days');
INSERT INTO transactions (user_id,order_id,amount,type,status,provider,provider_ref,flagged,flag_reason,currency,created_at) VALUES ('800c641f-5f83-4e08-bcaf-da579bf7ada8','5bc37b21-9d18-4863-982e-1539c3477b8a',665.75,'payout','completed','stripe','REF-531709',false,NULL,'USD', now() - interval '78 days');
INSERT INTO transactions (user_id,order_id,amount,type,status,provider,provider_ref,flagged,flag_reason,currency,created_at) VALUES ('7c889b7d-2db9-4b86-9d03-46afee13d5c3','cc176943-e07f-4462-baf7-08a0aadff670',218.62,'payment','completed','paypal','REF-468611',false,NULL,'USD', now() - interval '54 days');
INSERT INTO transactions (user_id,order_id,amount,type,status,provider,provider_ref,flagged,flag_reason,currency,created_at) VALUES ('03f3c993-dd22-4430-84f5-8b8ae4632538','d6eff187-ecb2-4cf6-9166-1c3c8febf279',970.48,'refund','completed','adyen','REF-856211',false,NULL,'USD', now() - interval '77 days');
INSERT INTO transactions (user_id,order_id,amount,type,status,provider,provider_ref,flagged,flag_reason,currency,created_at) VALUES ('27cc7b6b-164e-4cb7-8683-58f2ebba3aee','7b04d8ee-f726-46e9-a94b-e090b588d1ac',316.11,'refund','reversed','adyen','REF-510780',false,NULL,'USD', now() - interval '37 days');
INSERT INTO transactions (user_id,order_id,amount,type,status,provider,provider_ref,flagged,flag_reason,currency,created_at) VALUES ('60d999ff-84af-4bf7-aba4-366ea674cd97','6735cf04-8d62-4db2-a463-50b2ed36494e',177.99,'fee','pending','stripe','REF-653948',false,NULL,'USD', now() - interval '1 days');
INSERT INTO transactions (user_id,order_id,amount,type,status,provider,provider_ref,flagged,flag_reason,currency,created_at) VALUES ('4d6a4ac3-7a6b-4f80-9c6d-cfb0d1343ca4',NULL,586.39,'payout','reversed','adyen','REF-816116',false,NULL,'USD', now() - interval '22 days');
INSERT INTO transactions (user_id,order_id,amount,type,status,provider,provider_ref,flagged,flag_reason,currency,created_at) VALUES ('da346bbe-af09-4201-8b17-def3c40ed4e2','cd96409c-1263-45e7-a6ca-2fbb4aca7403',110.62,'adjustment','completed','stripe','REF-927630',false,NULL,'USD', now() - interval '50 days');
INSERT INTO transactions (user_id,order_id,amount,type,status,provider,provider_ref,flagged,flag_reason,currency,created_at) VALUES ('3e12fc01-7999-4048-80df-6a0086af48eb','76c7fcca-8b46-4b63-a21d-02cf554fee6d',641.13,'fee','completed','adyen','REF-663772',false,NULL,'USD', now() - interval '78 days');
INSERT INTO transactions (user_id,order_id,amount,type,status,provider,provider_ref,flagged,flag_reason,currency,created_at) VALUES ('fdab51f4-d55e-4dd4-abc4-1f2109434982','8e30772a-c4e0-4a90-8116-deeb7a90355c',771.84,'payment','completed','stripe','REF-662445',false,NULL,'USD', now() - interval '41 days');
INSERT INTO transactions (user_id,order_id,amount,type,status,provider,provider_ref,flagged,flag_reason,currency,created_at) VALUES ('fdab51f4-d55e-4dd4-abc4-1f2109434982','773c278b-5d85-40c8-82db-adeea70becd1',1097.64,'fee','completed','stripe','REF-555589',true,'Suspicious amount','USD', now() - interval '14 days');
INSERT INTO transactions (user_id,order_id,amount,type,status,provider,provider_ref,flagged,flag_reason,currency,created_at) VALUES ('b806130d-eb1a-4225-bc64-4494b215a7ce','12f1b33b-ab6f-4aac-a284-eb656cf9db26',1002.46,'refund','completed','adyen','REF-243876',false,NULL,'USD', now() - interval '89 days');
INSERT INTO transactions (user_id,order_id,amount,type,status,provider,provider_ref,flagged,flag_reason,currency,created_at) VALUES ('897df18c-90a1-49b1-aee6-624b87e6bd53','dd0b16e3-8641-4e63-aa32-5f3c40b9cf69',780.66,'adjustment','completed','stripe','REF-886197',false,NULL,'USD', now() - interval '34 days');
INSERT INTO transactions (user_id,order_id,amount,type,status,provider,provider_ref,flagged,flag_reason,currency,created_at) VALUES ('3e12fc01-7999-4048-80df-6a0086af48eb','fe20f9b2-003d-46b3-b33c-c2c5afdf0c16',509.17,'payment','completed','stripe','REF-375722',false,NULL,'USD', now() - interval '73 days');
INSERT INTO transactions (user_id,order_id,amount,type,status,provider,provider_ref,flagged,flag_reason,currency,created_at) VALUES ('134f28f4-1544-4e8b-985e-f0d2d39360dc','dd0b16e3-8641-4e63-aa32-5f3c40b9cf69',546.58,'adjustment','pending','stripe','REF-485548',false,NULL,'USD', now() - interval '20 days');
INSERT INTO transactions (user_id,order_id,amount,type,status,provider,provider_ref,flagged,flag_reason,currency,created_at) VALUES ('1d58c112-0638-44c8-b5c0-b9d4f9c72dac','5406aa07-447e-455e-b94d-4f449508094a',350.32,'payment','failed','stripe','REF-356430',true,'Suspicious amount','USD', now() - interval '5 days');
INSERT INTO transactions (user_id,order_id,amount,type,status,provider,provider_ref,flagged,flag_reason,currency,created_at) VALUES ('5919aa48-f90f-41e2-8820-781df9872d8c','820e33ae-deda-44c9-b7a3-b130ffab4f8c',1397.43,'payout','completed','adyen','REF-876644',false,NULL,'USD', now() - interval '83 days');
INSERT INTO transactions (user_id,order_id,amount,type,status,provider,provider_ref,flagged,flag_reason,currency,created_at) VALUES ('03f3c993-dd22-4430-84f5-8b8ae4632538','79bc4895-66bc-44f4-8257-16a5a9fcc33c',1374.62,'fee','completed','stripe','REF-699298',false,NULL,'USD', now() - interval '47 days');
INSERT INTO transactions (user_id,order_id,amount,type,status,provider,provider_ref,flagged,flag_reason,currency,created_at) VALUES ('b04e50f8-9f60-4897-b5d7-2aeee7cfb4f5','aff8e7df-2fe9-46eb-b3a1-85710f36e314',1208.46,'payout','completed','stripe','REF-587686',false,NULL,'USD', now() - interval '36 days');
INSERT INTO transactions (user_id,order_id,amount,type,status,provider,provider_ref,flagged,flag_reason,currency,created_at) VALUES ('4d6a4ac3-7a6b-4f80-9c6d-cfb0d1343ca4','028352ae-2927-49a3-8565-fcaebfe7ea7d',834.11,'payment','completed','paypal','REF-691194',false,NULL,'USD', now() - interval '38 days');
INSERT INTO transactions (user_id,order_id,amount,type,status,provider,provider_ref,flagged,flag_reason,currency,created_at) VALUES ('134f28f4-1544-4e8b-985e-f0d2d39360dc','df177b27-ec9e-47fb-a824-2cd016cf49fa',891.62,'refund','pending','stripe','REF-868043',false,NULL,'USD', now() - interval '69 days');
INSERT INTO transactions (user_id,order_id,amount,type,status,provider,provider_ref,flagged,flag_reason,currency,created_at) VALUES ('5919aa48-f90f-41e2-8820-781df9872d8c','df177b27-ec9e-47fb-a824-2cd016cf49fa',1399.27,'payment','completed','paypal','REF-766833',false,NULL,'USD', now() - interval '88 days');
INSERT INTO transactions (user_id,order_id,amount,type,status,provider,provider_ref,flagged,flag_reason,currency,created_at) VALUES ('4d6a4ac3-7a6b-4f80-9c6d-cfb0d1343ca4',NULL,1140.8,'payment','completed','adyen','REF-422448',false,NULL,'USD', now() - interval '13 days');
INSERT INTO transactions (user_id,order_id,amount,type,status,provider,provider_ref,flagged,flag_reason,currency,created_at) VALUES ('091c1680-e499-40aa-a400-0240f0edf2e2','6735cf04-8d62-4db2-a463-50b2ed36494e',1442.17,'fee','completed','stripe','REF-146032',false,NULL,'USD', now() - interval '29 days');
INSERT INTO transactions (user_id,order_id,amount,type,status,provider,provider_ref,flagged,flag_reason,currency,created_at) VALUES ('e9cbeef7-1536-490b-9edb-967715af55c2',NULL,1054.26,'fee','completed','adyen','REF-189026',false,NULL,'USD', now() - interval '74 days');
INSERT INTO transactions (user_id,order_id,amount,type,status,provider,provider_ref,flagged,flag_reason,currency,created_at) VALUES ('5d34c408-427a-47e6-ad11-f31448b7af48','d6eff187-ecb2-4cf6-9166-1c3c8febf279',121.5,'fee','reversed','adyen','REF-237057',true,'Suspicious amount','USD', now() - interval '30 days');
INSERT INTO transactions (user_id,order_id,amount,type,status,provider,provider_ref,flagged,flag_reason,currency,created_at) VALUES ('36f73885-6b52-4004-9b1d-64485f2176d8','8a2fc6b3-f0bb-481a-a959-361c13a74eb9',1054.08,'fee','completed','paypal','REF-344959',false,NULL,'USD', now() - interval '9 days');
INSERT INTO transactions (user_id,order_id,amount,type,status,provider,provider_ref,flagged,flag_reason,currency,created_at) VALUES ('5919aa48-f90f-41e2-8820-781df9872d8c',NULL,172.37,'adjustment','completed','paypal','REF-429287',false,NULL,'USD', now() - interval '52 days');
INSERT INTO transactions (user_id,order_id,amount,type,status,provider,provider_ref,flagged,flag_reason,currency,created_at) VALUES ('3e12fc01-7999-4048-80df-6a0086af48eb','db53b95f-d118-473b-8a1a-bd190702dea0',683.36,'payout','pending','stripe','REF-194813',false,NULL,'USD', now() - interval '20 days');
INSERT INTO transactions (user_id,order_id,amount,type,status,provider,provider_ref,flagged,flag_reason,currency,created_at) VALUES ('9e80fdb4-88aa-4a87-adaf-a9cb23282919','5b461841-3c8a-4d9a-8895-43b88f37c1cf',70.09,'adjustment','completed','adyen','REF-360276',false,NULL,'USD', now() - interval '45 days');
INSERT INTO transactions (user_id,order_id,amount,type,status,provider,provider_ref,flagged,flag_reason,currency,created_at) VALUES ('b59782da-fd23-4226-8e44-a37d485d26c5','aff8e7df-2fe9-46eb-b3a1-85710f36e314',397.65,'refund','completed','paypal','REF-996114',true,'Suspicious amount','USD', now() - interval '57 days');
INSERT INTO transactions (user_id,order_id,amount,type,status,provider,provider_ref,flagged,flag_reason,currency,created_at) VALUES ('03f3c993-dd22-4430-84f5-8b8ae4632538','29d6606d-c25b-45bb-b930-90b3aeb9f392',698.44,'payment','completed','stripe','REF-970708',false,NULL,'USD', now() - interval '28 days');
INSERT INTO transactions (user_id,order_id,amount,type,status,provider,provider_ref,flagged,flag_reason,currency,created_at) VALUES ('897df18c-90a1-49b1-aee6-624b87e6bd53','ba71f950-304b-4e3e-bc5e-113918e3c473',877.66,'payment','completed','stripe','REF-122859',false,NULL,'USD', now() - interval '8 days');
INSERT INTO transactions (user_id,order_id,amount,type,status,provider,provider_ref,flagged,flag_reason,currency,created_at) VALUES ('36f73885-6b52-4004-9b1d-64485f2176d8','7cf802f2-0762-42c1-903f-37c1cd04aa0f',147.05,'payout','completed','paypal','REF-153097',false,NULL,'USD', now() - interval '21 days');
INSERT INTO transactions (user_id,order_id,amount,type,status,provider,provider_ref,flagged,flag_reason,currency,created_at) VALUES ('091c1680-e499-40aa-a400-0240f0edf2e2',NULL,749.23,'fee','completed','stripe','REF-471136',false,NULL,'USD', now() - interval '27 days');
INSERT INTO transactions (user_id,order_id,amount,type,status,provider,provider_ref,flagged,flag_reason,currency,created_at) VALUES ('eadb7efa-2769-4502-84ba-91cbcfe91719',NULL,674.56,'refund','completed','adyen','REF-746947',true,'Suspicious amount','USD', now() - interval '31 days');
INSERT INTO transactions (user_id,order_id,amount,type,status,provider,provider_ref,flagged,flag_reason,currency,created_at) VALUES ('091c1680-e499-40aa-a400-0240f0edf2e2','dd0b16e3-8641-4e63-aa32-5f3c40b9cf69',723.76,'adjustment','completed','stripe','REF-539599',false,NULL,'USD', now() - interval '25 days');
INSERT INTO transactions (user_id,order_id,amount,type,status,provider,provider_ref,flagged,flag_reason,currency,created_at) VALUES ('03f3c993-dd22-4430-84f5-8b8ae4632538','530a6006-af57-4b04-92bb-cb1d11ca8456',1194.32,'adjustment','completed','paypal','REF-602985',false,NULL,'USD', now() - interval '69 days');
INSERT INTO transactions (user_id,order_id,amount,type,status,provider,provider_ref,flagged,flag_reason,currency,created_at) VALUES ('1d58c112-0638-44c8-b5c0-b9d4f9c72dac','a5295dec-e158-4c96-96cb-b964d006e302',489.19,'adjustment','completed','paypal','REF-726121',false,NULL,'USD', now() - interval '28 days');
INSERT INTO reviews (target_id,target_type,reviewer_id,order_id,rating,content,status,flag_reason,removed_reason) VALUES ('ca01af03-70d1-45a3-b71c-b9664fdf4ee5','product','eadb7efa-2769-4502-84ba-91cbcfe91719','7ec33570-22b8-467e-b862-b283476efca3',4,'Broke after a week.','published',NULL,NULL);
INSERT INTO reviews (target_id,target_type,reviewer_id,order_id,rating,content,status,flag_reason,removed_reason) VALUES ('b59782da-fd23-4226-8e44-a37d485d26c5','seller','03f3c993-dd22-4430-84f5-8b8ae4632538','6735cf04-8d62-4db2-a463-50b2ed36494e',3,'Great quality, fast shipping!','published',NULL,NULL);
INSERT INTO reviews (target_id,target_type,reviewer_id,order_id,rating,content,status,flag_reason,removed_reason) VALUES ('ca01af03-70d1-45a3-b71c-b9664fdf4ee5','product','77768d10-fe36-4a36-9b96-184f3f954c99','db53b95f-d118-473b-8a1a-bd190702dea0',2,'Excellent value for money.','published',NULL,NULL);
INSERT INTO reviews (target_id,target_type,reviewer_id,order_id,rating,content,status,flag_reason,removed_reason) VALUES ('ca01af03-70d1-45a3-b71c-b9664fdf4ee5','product','897df18c-90a1-49b1-aee6-624b87e6bd53','6b507e0c-57b3-44bb-9d46-b2fb43795961',1,'Broke after a week.','published',NULL,NULL);
INSERT INTO reviews (target_id,target_type,reviewer_id,order_id,rating,content,status,flag_reason,removed_reason) VALUES ('0d73cb52-cb11-48d5-996f-344c8ac41ef9','product','60d999ff-84af-4bf7-aba4-366ea674cd97','cee95987-65a9-4cf2-ada9-e61cb6cb7a28',3,'Excellent value for money.','flagged','Inappropriate language',NULL);
INSERT INTO reviews (target_id,target_type,reviewer_id,order_id,rating,content,status,flag_reason,removed_reason) VALUES ('3f430ca4-3bad-4931-83db-3ce955c38331','product','03f3c993-dd22-4430-84f5-8b8ae4632538','12f1b33b-ab6f-4aac-a284-eb656cf9db26',2,'Great quality, fast shipping!','removed',NULL,'Spam');
INSERT INTO reviews (target_id,target_type,reviewer_id,order_id,rating,content,status,flag_reason,removed_reason) VALUES ('d6040b4c-fcc6-4253-a174-6eafcfbdf5dd','product','800c641f-5f83-4e08-bcaf-da579bf7ada8','df2bb612-88d2-4800-af14-ac63ca789430',2,'Broke after a week.','published',NULL,NULL);
INSERT INTO reviews (target_id,target_type,reviewer_id,order_id,rating,content,status,flag_reason,removed_reason) VALUES ('36f73885-6b52-4004-9b1d-64485f2176d8','seller','b806130d-eb1a-4225-bc64-4494b215a7ce','2fea675b-fa85-4050-90d7-4c809761cd35',2,'Excellent value for money.','published',NULL,NULL);
INSERT INTO reviews (target_id,target_type,reviewer_id,order_id,rating,content,status,flag_reason,removed_reason) VALUES ('36f73885-6b52-4004-9b1d-64485f2176d8','seller','7c889b7d-2db9-4b86-9d03-46afee13d5c3','28605904-3c3f-4368-b487-0629f9dd55cf',4,'Not as described, disappointed.','published',NULL,NULL);
INSERT INTO reviews (target_id,target_type,reviewer_id,order_id,rating,content,status,flag_reason,removed_reason) VALUES ('89112b8b-879a-49a8-a843-c9ddce073f71','product','b04e50f8-9f60-4897-b5d7-2aeee7cfb4f5','3bbaacb2-e8fd-4bd1-b9df-3e8e3ca885e7',4,'Broke after a week.','published',NULL,NULL);
INSERT INTO reviews (target_id,target_type,reviewer_id,order_id,rating,content,status,flag_reason,removed_reason) VALUES ('36f73885-6b52-4004-9b1d-64485f2176d8','seller','03f3c993-dd22-4430-84f5-8b8ae4632538','6b507e0c-57b3-44bb-9d46-b2fb43795961',2,'Highly recommend this seller.','published',NULL,NULL);
INSERT INTO reviews (target_id,target_type,reviewer_id,order_id,rating,content,status,flag_reason,removed_reason) VALUES ('3e12fc01-7999-4048-80df-6a0086af48eb','seller','5919aa48-f90f-41e2-8820-781df9872d8c','5e337b37-e282-45aa-b04b-43004c948af3',1,'Highly recommend this seller.','published',NULL,NULL);
INSERT INTO reviews (target_id,target_type,reviewer_id,order_id,rating,content,status,flag_reason,removed_reason) VALUES ('14ca55a9-4ded-4d05-b2b2-9e15c9aca7f3','product','800c641f-5f83-4e08-bcaf-da579bf7ada8','c693cccf-1f0e-413f-bdfe-8f09a7514a08',5,'Not as described, disappointed.','flagged','Inappropriate language',NULL);
INSERT INTO reviews (target_id,target_type,reviewer_id,order_id,rating,content,status,flag_reason,removed_reason) VALUES ('913f806f-6d69-4593-bdfb-0de0c8f5fe15','product','7c889b7d-2db9-4b86-9d03-46afee13d5c3','6735cf04-8d62-4db2-a463-50b2ed36494e',3,'Broke after a week.','published',NULL,NULL);
INSERT INTO reviews (target_id,target_type,reviewer_id,order_id,rating,content,status,flag_reason,removed_reason) VALUES ('5afe9506-9b7e-4bbc-8ab1-a753fab2391c','product','4d6a4ac3-7a6b-4f80-9c6d-cfb0d1343ca4','d7f6dfc2-07b2-4c15-b19e-68cc05ecf74b',1,'Amazing! Would buy again.','published',NULL,NULL);
INSERT INTO reviews (target_id,target_type,reviewer_id,order_id,rating,content,status,flag_reason,removed_reason) VALUES ('f61844a1-6160-4afc-9703-e40bc90851a1','product','897df18c-90a1-49b1-aee6-624b87e6bd53','dad6c850-d3a3-4e0c-8053-56aad950a2a6',1,'Great quality, fast shipping!','published',NULL,NULL);
INSERT INTO reviews (target_id,target_type,reviewer_id,order_id,rating,content,status,flag_reason,removed_reason) VALUES ('ee296b36-62a2-4be4-bdbb-871cb5ad05f2','product','091c1680-e499-40aa-a400-0240f0edf2e2','82e82b1c-3fb7-44c6-9e02-208f54750038',4,'Customer service was helpful.','published',NULL,NULL);
INSERT INTO reviews (target_id,target_type,reviewer_id,order_id,rating,content,status,flag_reason,removed_reason) VALUES ('8a018027-1cca-4061-8e74-f6e2375c3337','product','90708a35-a169-4369-94f4-8aa3f4f98278','eee79355-a13d-47ab-abb3-914402a0adb9',5,'Average product, works fine.','published',NULL,NULL);
INSERT INTO reviews (target_id,target_type,reviewer_id,order_id,rating,content,status,flag_reason,removed_reason) VALUES ('ca01af03-70d1-45a3-b71c-b9664fdf4ee5','product','b806130d-eb1a-4225-bc64-4494b215a7ce','2a1e5152-babb-4e30-82a6-642f46f04531',1,'Broke after a week.','published',NULL,NULL);
INSERT INTO reviews (target_id,target_type,reviewer_id,order_id,rating,content,status,flag_reason,removed_reason) VALUES ('b59782da-fd23-4226-8e44-a37d485d26c5','seller','4d6a4ac3-7a6b-4f80-9c6d-cfb0d1343ca4','82e82b1c-3fb7-44c6-9e02-208f54750038',4,'Excellent value for money.','published',NULL,NULL);
INSERT INTO reviews (target_id,target_type,reviewer_id,order_id,rating,content,status,flag_reason,removed_reason) VALUES ('cc0fc6dd-e247-46ea-8435-83c8ee761385','product','7c889b7d-2db9-4b86-9d03-46afee13d5c3','25a1e62e-3125-4a1a-ac8e-9eb476dbd5bd',5,'Customer service was helpful.','published',NULL,NULL);
INSERT INTO reviews (target_id,target_type,reviewer_id,order_id,rating,content,status,flag_reason,removed_reason) VALUES ('628d8079-8072-47eb-9eae-b22cbaffb747','product','b04e50f8-9f60-4897-b5d7-2aeee7cfb4f5','12f1b33b-ab6f-4aac-a284-eb656cf9db26',4,'Excellent value for money.','published',NULL,NULL);
INSERT INTO reviews (target_id,target_type,reviewer_id,order_id,rating,content,status,flag_reason,removed_reason) VALUES ('c63763f2-662e-4081-99b8-6659b7dbb8dd','product','f7317c06-75df-4c51-948d-5ef1dd3568b7','beafa9da-527e-4a2e-ae62-2cdf2c72996b',5,'Amazing! Would buy again.','published',NULL,NULL);
INSERT INTO reviews (target_id,target_type,reviewer_id,order_id,rating,content,status,flag_reason,removed_reason) VALUES ('dbe6159e-de23-478c-8576-d5080c8c8430','product','b806130d-eb1a-4225-bc64-4494b215a7ce','305364a2-2a4b-4e99-949c-b3b863583996',5,'Customer service was helpful.','published',NULL,NULL);
INSERT INTO reviews (target_id,target_type,reviewer_id,order_id,rating,content,status,flag_reason,removed_reason) VALUES ('75c09184-ffc9-47d1-b8f7-96adbca580ce','product','091c1680-e499-40aa-a400-0240f0edf2e2','c555d58f-1a80-46ce-bf51-13462d7bc373',3,'Customer service was helpful.','published',NULL,NULL);
INSERT INTO reviews (target_id,target_type,reviewer_id,order_id,rating,content,status,flag_reason,removed_reason) VALUES ('c63763f2-662e-4081-99b8-6659b7dbb8dd','product','b04e50f8-9f60-4897-b5d7-2aeee7cfb4f5','2a1e5152-babb-4e30-82a6-642f46f04531',1,'Customer service was helpful.','published',NULL,NULL);
INSERT INTO reviews (target_id,target_type,reviewer_id,order_id,rating,content,status,flag_reason,removed_reason) VALUES ('92478fc9-ae86-4179-b406-896bbefaa91b','product','60d999ff-84af-4bf7-aba4-366ea674cd97','6188d2d0-64df-4f01-8462-7f615f7366b3',3,'Not as described, disappointed.','removed',NULL,'Spam');
INSERT INTO reviews (target_id,target_type,reviewer_id,order_id,rating,content,status,flag_reason,removed_reason) VALUES ('d3c42518-9f9f-4d5a-87fb-0347248eabe6','product','77768d10-fe36-4a36-9b96-184f3f954c99','28605904-3c3f-4368-b487-0629f9dd55cf',2,'Customer service was helpful.','published',NULL,NULL);
INSERT INTO reviews (target_id,target_type,reviewer_id,order_id,rating,content,status,flag_reason,removed_reason) VALUES ('99678b15-75db-428d-bc94-97fe85f8b2e5','product','eadb7efa-2769-4502-84ba-91cbcfe91719','c693cccf-1f0e-413f-bdfe-8f09a7514a08',3,'Great quality, fast shipping!','published',NULL,NULL);
INSERT INTO reviews (target_id,target_type,reviewer_id,order_id,rating,content,status,flag_reason,removed_reason) VALUES ('b59782da-fd23-4226-8e44-a37d485d26c5','seller','7c889b7d-2db9-4b86-9d03-46afee13d5c3','a5295dec-e158-4c96-96cb-b964d006e302',5,'Highly recommend this seller.','published',NULL,NULL);
INSERT INTO reviews (target_id,target_type,reviewer_id,order_id,rating,content,status,flag_reason,removed_reason) VALUES ('3cfbab46-986a-426b-8076-e7bc1a251ff2','product','77768d10-fe36-4a36-9b96-184f3f954c99','0dc2f572-1133-4439-9ece-8b8421fba154',4,'Customer service was helpful.','published',NULL,NULL);
INSERT INTO reviews (target_id,target_type,reviewer_id,order_id,rating,content,status,flag_reason,removed_reason) VALUES ('5afe9506-9b7e-4bbc-8ab1-a753fab2391c','product','77768d10-fe36-4a36-9b96-184f3f954c99','9548b00e-ff9c-4364-8cc2-85e60041af98',5,'Excellent value for money.','published',NULL,NULL);
INSERT INTO reviews (target_id,target_type,reviewer_id,order_id,rating,content,status,flag_reason,removed_reason) VALUES ('27cc7b6b-164e-4cb7-8683-58f2ebba3aee','seller','b04e50f8-9f60-4897-b5d7-2aeee7cfb4f5','82e82b1c-3fb7-44c6-9e02-208f54750038',2,'Average product, works fine.','published',NULL,NULL);
INSERT INTO reviews (target_id,target_type,reviewer_id,order_id,rating,content,status,flag_reason,removed_reason) VALUES ('5afe9506-9b7e-4bbc-8ab1-a753fab2391c','product','091c1680-e499-40aa-a400-0240f0edf2e2','df2bb612-88d2-4800-af14-ac63ca789430',2,'Amazing! Would buy again.','published',NULL,NULL);
INSERT INTO reviews (target_id,target_type,reviewer_id,order_id,rating,content,status,flag_reason,removed_reason) VALUES ('b59782da-fd23-4226-8e44-a37d485d26c5','seller','7c889b7d-2db9-4b86-9d03-46afee13d5c3','820e33ae-deda-44c9-b7a3-b130ffab4f8c',5,'Highly recommend this seller.','removed',NULL,'Spam');
INSERT INTO reviews (target_id,target_type,reviewer_id,order_id,rating,content,status,flag_reason,removed_reason) VALUES ('64e478f9-406c-4576-9419-5785a066cefb','product','e9cbeef7-1536-490b-9edb-967715af55c2','13b03039-d518-414f-9c37-f266d01239e0',1,'Highly recommend this seller.','published',NULL,NULL);
INSERT INTO reviews (target_id,target_type,reviewer_id,order_id,rating,content,status,flag_reason,removed_reason) VALUES ('9198edd6-d4f6-4419-ad25-c7a29cf60826','product','1d58c112-0638-44c8-b5c0-b9d4f9c72dac','6b507e0c-57b3-44bb-9d46-b2fb43795961',5,'Not as described, disappointed.','published',NULL,NULL);
INSERT INTO reviews (target_id,target_type,reviewer_id,order_id,rating,content,status,flag_reason,removed_reason) VALUES ('dbe6159e-de23-478c-8576-d5080c8c8430','product','fdab51f4-d55e-4dd4-abc4-1f2109434982','ac19b022-6f30-4b81-b6fe-ed8411eaea0d',3,'Highly recommend this seller.','published',NULL,NULL);
INSERT INTO reviews (target_id,target_type,reviewer_id,order_id,rating,content,status,flag_reason,removed_reason) VALUES ('aed78a0c-10f2-4806-820f-817c26e226b8','product','1d58c112-0638-44c8-b5c0-b9d4f9c72dac','12f1b33b-ab6f-4aac-a284-eb656cf9db26',4,'Great quality, fast shipping!','published',NULL,NULL);
INSERT INTO reviews (target_id,target_type,reviewer_id,order_id,rating,content,status,flag_reason,removed_reason) VALUES ('9198edd6-d4f6-4419-ad25-c7a29cf60826','product','800c641f-5f83-4e08-bcaf-da579bf7ada8','12f1b33b-ab6f-4aac-a284-eb656cf9db26',4,'Great quality, fast shipping!','published',NULL,NULL);
INSERT INTO tickets (id,user_id,subject,type,priority,status,related_order_id,sla_due_at) VALUES ('3ba52b21-b33f-4342-a02d-d9c0f61a9c8c','4d6a4ac3-7a6b-4f80-9c6d-cfb0d1343ca4','Account locked','order','urgent','resolved',NULL, now() + interval '1 days');
INSERT INTO ticket_messages (ticket_id,author_id,body,is_internal) VALUES ('3ba52b21-b33f-4342-a02d-d9c0f61a9c8c','4d6a4ac3-7a6b-4f80-9c6d-cfb0d1343ca4','Thanks for the quick response.', false);
INSERT INTO ticket_messages (ticket_id,author_id,body,is_internal) VALUES ('3ba52b21-b33f-4342-a02d-d9c0f61a9c8c','4d6a4ac3-7a6b-4f80-9c6d-cfb0d1343ca4','Thanks for the quick response.', false);
INSERT INTO ticket_messages (ticket_id,author_id,body,is_internal) VALUES ('3ba52b21-b33f-4342-a02d-d9c0f61a9c8c','4d6a4ac3-7a6b-4f80-9c6d-cfb0d1343ca4','Thanks for the quick response.', false);
INSERT INTO tickets (id,user_id,subject,type,priority,status,related_order_id,sla_due_at) VALUES ('a5411a14-8225-49a6-8883-f1c0c9cb5fcf','60d999ff-84af-4bf7-aba4-366ea674cd97','Wrong item delivered','account','medium','resolved',NULL, now() + interval '4 days');
INSERT INTO ticket_messages (ticket_id,author_id,body,is_internal) VALUES ('a5411a14-8225-49a6-8883-f1c0c9cb5fcf','60d999ff-84af-4bf7-aba4-366ea674cd97','Thanks for the quick response.', false);
INSERT INTO ticket_messages (ticket_id,author_id,body,is_internal) VALUES ('a5411a14-8225-49a6-8883-f1c0c9cb5fcf','60d999ff-84af-4bf7-aba4-366ea674cd97','Still waiting for resolution.', false);
INSERT INTO ticket_messages (ticket_id,author_id,body,is_internal) VALUES ('a5411a14-8225-49a6-8883-f1c0c9cb5fcf','60d999ff-84af-4bf7-aba4-366ea674cd97','Please help with this issue.', false);
INSERT INTO tickets (id,user_id,subject,type,priority,status,related_order_id,sla_due_at) VALUES ('bdac21aa-5f3a-44ea-b328-d780987a0cb8','f7317c06-75df-4c51-948d-5ef1dd3568b7','Coupon not working','account','urgent','closed',NULL, now() + interval '3 days');
INSERT INTO ticket_messages (ticket_id,author_id,body,is_internal) VALUES ('bdac21aa-5f3a-44ea-b328-d780987a0cb8','f7317c06-75df-4c51-948d-5ef1dd3568b7','Any update on this?', false);
INSERT INTO tickets (id,user_id,subject,type,priority,status,related_order_id,sla_due_at) VALUES ('d61e510b-53e5-43b6-9e71-c7f2adfae114','7c889b7d-2db9-4b86-9d03-46afee13d5c3','Damaged product','other','urgent','pending',NULL, now() + interval '5 days');
INSERT INTO ticket_messages (ticket_id,author_id,body,is_internal) VALUES ('d61e510b-53e5-43b6-9e71-c7f2adfae114','7c889b7d-2db9-4b86-9d03-46afee13d5c3','Any update on this?', false);
INSERT INTO tickets (id,user_id,subject,type,priority,status,related_order_id,sla_due_at) VALUES ('ebe4db91-b17a-4c3b-a18c-f9a90f7e52f8','f7317c06-75df-4c51-948d-5ef1dd3568b7','Account locked','order','medium','open','272dec7a-dd17-4c13-a619-448f5398f266', now() + interval '2 days');
INSERT INTO ticket_messages (ticket_id,author_id,body,is_internal) VALUES ('ebe4db91-b17a-4c3b-a18c-f9a90f7e52f8','f7317c06-75df-4c51-948d-5ef1dd3568b7','Thanks for the quick response.', false);
INSERT INTO ticket_messages (ticket_id,author_id,body,is_internal) VALUES ('ebe4db91-b17a-4c3b-a18c-f9a90f7e52f8','f7317c06-75df-4c51-948d-5ef1dd3568b7','Still waiting for resolution.', false);
INSERT INTO ticket_messages (ticket_id,author_id,body,is_internal) VALUES ('ebe4db91-b17a-4c3b-a18c-f9a90f7e52f8','f7317c06-75df-4c51-948d-5ef1dd3568b7','Still waiting for resolution.', false);
INSERT INTO tickets (id,user_id,subject,type,priority,status,related_order_id,sla_due_at) VALUES ('007b7cf1-8bea-488f-b977-b476e904f079','90708a35-a169-4369-94f4-8aa3f4f98278','Order not received','account','high','closed','5e337b37-e282-45aa-b04b-43004c948af3', now() + interval '4 days');
INSERT INTO ticket_messages (ticket_id,author_id,body,is_internal) VALUES ('007b7cf1-8bea-488f-b977-b476e904f079','90708a35-a169-4369-94f4-8aa3f4f98278','Thanks for the quick response.', false);
INSERT INTO ticket_messages (ticket_id,author_id,body,is_internal) VALUES ('007b7cf1-8bea-488f-b977-b476e904f079','90708a35-a169-4369-94f4-8aa3f4f98278','Any update on this?', false);
INSERT INTO ticket_messages (ticket_id,author_id,body,is_internal) VALUES ('007b7cf1-8bea-488f-b977-b476e904f079','90708a35-a169-4369-94f4-8aa3f4f98278','Thanks for the quick response.', false);
INSERT INTO tickets (id,user_id,subject,type,priority,status,related_order_id,sla_due_at) VALUES ('55e9e061-2a4f-4d0c-8f51-da341828fa6f','7c889b7d-2db9-4b86-9d03-46afee13d5c3','Damaged product','order','urgent','open','682a1e83-6be8-460c-b705-aadd0a0e76ee', now() + interval '2 days');
INSERT INTO ticket_messages (ticket_id,author_id,body,is_internal) VALUES ('55e9e061-2a4f-4d0c-8f51-da341828fa6f','7c889b7d-2db9-4b86-9d03-46afee13d5c3','Any update on this?', false);
INSERT INTO ticket_messages (ticket_id,author_id,body,is_internal) VALUES ('55e9e061-2a4f-4d0c-8f51-da341828fa6f','7c889b7d-2db9-4b86-9d03-46afee13d5c3','Any update on this?', false);
INSERT INTO tickets (id,user_id,subject,type,priority,status,related_order_id,sla_due_at) VALUES ('0b7912de-5f18-4e2f-9c48-da68658b3770','eadb7efa-2769-4502-84ba-91cbcfe91719','Payment failed','other','low','open','35d326ea-0ed3-4288-840e-230c1544443f', now() + interval '2 days');
INSERT INTO ticket_messages (ticket_id,author_id,body,is_internal) VALUES ('0b7912de-5f18-4e2f-9c48-da68658b3770','eadb7efa-2769-4502-84ba-91cbcfe91719','Any update on this?', false);
INSERT INTO tickets (id,user_id,subject,type,priority,status,related_order_id,sla_due_at) VALUES ('6e8c709c-3e16-454e-8ea7-69a77da0504d','eadb7efa-2769-4502-84ba-91cbcfe91719','Damaged product','payment','urgent','closed',NULL, now() + interval '4 days');
INSERT INTO ticket_messages (ticket_id,author_id,body,is_internal) VALUES ('6e8c709c-3e16-454e-8ea7-69a77da0504d','eadb7efa-2769-4502-84ba-91cbcfe91719','Any update on this?', false);
INSERT INTO ticket_messages (ticket_id,author_id,body,is_internal) VALUES ('6e8c709c-3e16-454e-8ea7-69a77da0504d','eadb7efa-2769-4502-84ba-91cbcfe91719','Still waiting for resolution.', false);
INSERT INTO ticket_messages (ticket_id,author_id,body,is_internal) VALUES ('6e8c709c-3e16-454e-8ea7-69a77da0504d','eadb7efa-2769-4502-84ba-91cbcfe91719','Thanks for the quick response.', false);
INSERT INTO tickets (id,user_id,subject,type,priority,status,related_order_id,sla_due_at) VALUES ('2ee2bf30-6b4d-4d60-9ba9-4a17fcc90990','e9cbeef7-1536-490b-9edb-967715af55c2','Payment failed','other','low','open','28605904-3c3f-4368-b487-0629f9dd55cf', now() + interval '5 days');
INSERT INTO ticket_messages (ticket_id,author_id,body,is_internal) VALUES ('2ee2bf30-6b4d-4d60-9ba9-4a17fcc90990','e9cbeef7-1536-490b-9edb-967715af55c2','Thanks for the quick response.', false);
INSERT INTO ticket_messages (ticket_id,author_id,body,is_internal) VALUES ('2ee2bf30-6b4d-4d60-9ba9-4a17fcc90990','e9cbeef7-1536-490b-9edb-967715af55c2','Please help with this issue.', false);
INSERT INTO ticket_messages (ticket_id,author_id,body,is_internal) VALUES ('2ee2bf30-6b4d-4d60-9ba9-4a17fcc90990','e9cbeef7-1536-490b-9edb-967715af55c2','Still waiting for resolution.', false);
INSERT INTO tickets (id,user_id,subject,type,priority,status,related_order_id,sla_due_at) VALUES ('9a17b8f4-861a-465d-85a6-c3b640041a69','7c889b7d-2db9-4b86-9d03-46afee13d5c3','Cannot login','payment','high','resolved','5b461841-3c8a-4d9a-8895-43b88f37c1cf', now() + interval '2 days');
INSERT INTO ticket_messages (ticket_id,author_id,body,is_internal) VALUES ('9a17b8f4-861a-465d-85a6-c3b640041a69','7c889b7d-2db9-4b86-9d03-46afee13d5c3','Any update on this?', false);
INSERT INTO ticket_messages (ticket_id,author_id,body,is_internal) VALUES ('9a17b8f4-861a-465d-85a6-c3b640041a69','7c889b7d-2db9-4b86-9d03-46afee13d5c3','Please help with this issue.', false);
INSERT INTO tickets (id,user_id,subject,type,priority,status,related_order_id,sla_due_at) VALUES ('0238f9b6-3f3a-4ad0-9fe1-4526e8df86da','800c641f-5f83-4e08-bcaf-da579bf7ada8','Payment failed','payment','medium','open',NULL, now() + interval '3 days');
INSERT INTO ticket_messages (ticket_id,author_id,body,is_internal) VALUES ('0238f9b6-3f3a-4ad0-9fe1-4526e8df86da','800c641f-5f83-4e08-bcaf-da579bf7ada8','Still waiting for resolution.', false);
INSERT INTO ticket_messages (ticket_id,author_id,body,is_internal) VALUES ('0238f9b6-3f3a-4ad0-9fe1-4526e8df86da','800c641f-5f83-4e08-bcaf-da579bf7ada8','Still waiting for resolution.', false);
INSERT INTO ticket_messages (ticket_id,author_id,body,is_internal) VALUES ('0238f9b6-3f3a-4ad0-9fe1-4526e8df86da','800c641f-5f83-4e08-bcaf-da579bf7ada8','Still waiting for resolution.', false);
INSERT INTO tickets (id,user_id,subject,type,priority,status,related_order_id,sla_due_at) VALUES ('7f0438cc-1067-4ab1-939a-a70e1b84a202','b806130d-eb1a-4225-bc64-4494b215a7ce','Account locked','payment','medium','closed',NULL, now() + interval '3 days');
INSERT INTO ticket_messages (ticket_id,author_id,body,is_internal) VALUES ('7f0438cc-1067-4ab1-939a-a70e1b84a202','b806130d-eb1a-4225-bc64-4494b215a7ce','Any update on this?', false);
INSERT INTO ticket_messages (ticket_id,author_id,body,is_internal) VALUES ('7f0438cc-1067-4ab1-939a-a70e1b84a202','b806130d-eb1a-4225-bc64-4494b215a7ce','Any update on this?', false);
INSERT INTO ticket_messages (ticket_id,author_id,body,is_internal) VALUES ('7f0438cc-1067-4ab1-939a-a70e1b84a202','b806130d-eb1a-4225-bc64-4494b215a7ce','Thanks for the quick response.', false);
INSERT INTO tickets (id,user_id,subject,type,priority,status,related_order_id,sla_due_at) VALUES ('5db3b002-1d81-4c15-b7ca-9f0d489e4dd1','90708a35-a169-4369-94f4-8aa3f4f98278','Coupon not working','account','high','pending',NULL, now() + interval '3 days');
INSERT INTO ticket_messages (ticket_id,author_id,body,is_internal) VALUES ('5db3b002-1d81-4c15-b7ca-9f0d489e4dd1','90708a35-a169-4369-94f4-8aa3f4f98278','Any update on this?', false);
INSERT INTO tickets (id,user_id,subject,type,priority,status,related_order_id,sla_due_at) VALUES ('5676e93c-6cc9-4d77-a6f9-480ae1981650','897df18c-90a1-49b1-aee6-624b87e6bd53','Account locked','payment','urgent','resolved','90f458b0-746a-4255-b193-25b2776f9214', now() + interval '3 days');
INSERT INTO ticket_messages (ticket_id,author_id,body,is_internal) VALUES ('5676e93c-6cc9-4d77-a6f9-480ae1981650','897df18c-90a1-49b1-aee6-624b87e6bd53','Please help with this issue.', false);
INSERT INTO ticket_messages (ticket_id,author_id,body,is_internal) VALUES ('5676e93c-6cc9-4d77-a6f9-480ae1981650','897df18c-90a1-49b1-aee6-624b87e6bd53','Still waiting for resolution.', false);
INSERT INTO ticket_messages (ticket_id,author_id,body,is_internal) VALUES ('5676e93c-6cc9-4d77-a6f9-480ae1981650','897df18c-90a1-49b1-aee6-624b87e6bd53','Please help with this issue.', false);
INSERT INTO ticket_messages (ticket_id,author_id,body,is_internal) VALUES ('5676e93c-6cc9-4d77-a6f9-480ae1981650','897df18c-90a1-49b1-aee6-624b87e6bd53','Please help with this issue.', false);
INSERT INTO tickets (id,user_id,subject,type,priority,status,related_order_id,sla_due_at) VALUES ('65bc02ce-d123-4fc9-b174-51ee9b315bf3','60d999ff-84af-4bf7-aba4-366ea674cd97','Account locked','other','low','closed','beafa9da-527e-4a2e-ae62-2cdf2c72996b', now() + interval '1 days');
INSERT INTO ticket_messages (ticket_id,author_id,body,is_internal) VALUES ('65bc02ce-d123-4fc9-b174-51ee9b315bf3','60d999ff-84af-4bf7-aba4-366ea674cd97','Any update on this?', false);
INSERT INTO ticket_messages (ticket_id,author_id,body,is_internal) VALUES ('65bc02ce-d123-4fc9-b174-51ee9b315bf3','60d999ff-84af-4bf7-aba4-366ea674cd97','Any update on this?', false);
INSERT INTO tickets (id,user_id,subject,type,priority,status,related_order_id,sla_due_at) VALUES ('a0506d68-46da-4b12-8dab-46f3a82da214','4d6a4ac3-7a6b-4f80-9c6d-cfb0d1343ca4','Payment failed','other','urgent','pending','72bc5cfc-6b2c-482f-9664-d83aa35cd8e7', now() + interval '1 days');
INSERT INTO ticket_messages (ticket_id,author_id,body,is_internal) VALUES ('a0506d68-46da-4b12-8dab-46f3a82da214','4d6a4ac3-7a6b-4f80-9c6d-cfb0d1343ca4','Thanks for the quick response.', false);
INSERT INTO ticket_messages (ticket_id,author_id,body,is_internal) VALUES ('a0506d68-46da-4b12-8dab-46f3a82da214','4d6a4ac3-7a6b-4f80-9c6d-cfb0d1343ca4','Any update on this?', false);
INSERT INTO ticket_messages (ticket_id,author_id,body,is_internal) VALUES ('a0506d68-46da-4b12-8dab-46f3a82da214','4d6a4ac3-7a6b-4f80-9c6d-cfb0d1343ca4','Thanks for the quick response.', false);
INSERT INTO ticket_messages (ticket_id,author_id,body,is_internal) VALUES ('a0506d68-46da-4b12-8dab-46f3a82da214','4d6a4ac3-7a6b-4f80-9c6d-cfb0d1343ca4','Please help with this issue.', false);
INSERT INTO tickets (id,user_id,subject,type,priority,status,related_order_id,sla_due_at) VALUES ('e98af461-4456-4172-8621-28b8e21df356','da346bbe-af09-4201-8b17-def3c40ed4e2','Coupon not working','payment','medium','pending','552d7fa8-8d88-4054-86ab-2fe9d24030bf', now() + interval '4 days');
INSERT INTO ticket_messages (ticket_id,author_id,body,is_internal) VALUES ('e98af461-4456-4172-8621-28b8e21df356','da346bbe-af09-4201-8b17-def3c40ed4e2','Any update on this?', false);
INSERT INTO tickets (id,user_id,subject,type,priority,status,related_order_id,sla_due_at) VALUES ('802c1ce7-883b-4b02-9642-a661cdd992e7','800c641f-5f83-4e08-bcaf-da579bf7ada8','Payment failed','technical','urgent','closed',NULL, now() + interval '4 days');
INSERT INTO ticket_messages (ticket_id,author_id,body,is_internal) VALUES ('802c1ce7-883b-4b02-9642-a661cdd992e7','800c641f-5f83-4e08-bcaf-da579bf7ada8','Please help with this issue.', false);
INSERT INTO tickets (id,user_id,subject,type,priority,status,related_order_id,sla_due_at) VALUES ('51642e34-6d5c-4436-b7f9-35f0d01b7193','fadddecc-8835-45bc-bd74-7d2b6093a2bd','Account locked','payment','low','resolved',NULL, now() + interval '5 days');
INSERT INTO ticket_messages (ticket_id,author_id,body,is_internal) VALUES ('51642e34-6d5c-4436-b7f9-35f0d01b7193','fadddecc-8835-45bc-bd74-7d2b6093a2bd','Please help with this issue.', false);
INSERT INTO ticket_messages (ticket_id,author_id,body,is_internal) VALUES ('51642e34-6d5c-4436-b7f9-35f0d01b7193','fadddecc-8835-45bc-bd74-7d2b6093a2bd','Please help with this issue.', false);
INSERT INTO disputes (order_id,shopper_id,seller_id,reason,status) VALUES ('c693cccf-1f0e-413f-bdfe-8f09a7514a08','897df18c-90a1-49b1-aee6-624b87e6bd53','3e12fc01-7999-4048-80df-6a0086af48eb','Item not as described','under_review');
INSERT INTO disputes (order_id,shopper_id,seller_id,reason,status) VALUES ('820e33ae-deda-44c9-b7a3-b130ffab4f8c','e9cbeef7-1536-490b-9edb-967715af55c2','3e12fc01-7999-4048-80df-6a0086af48eb','Item not as described','open');
INSERT INTO disputes (order_id,shopper_id,seller_id,reason,status) VALUES ('b13892de-56d1-4282-97a1-465f95e11e7b','fdab51f4-d55e-4dd4-abc4-1f2109434982','3e12fc01-7999-4048-80df-6a0086af48eb','Refund denied','open');
INSERT INTO disputes (order_id,shopper_id,seller_id,reason,status) VALUES ('3bbaacb2-e8fd-4bd1-b9df-3e8e3ca885e7','5919aa48-f90f-41e2-8820-781df9872d8c','36f73885-6b52-4004-9b1d-64485f2176d8','Refund denied','resolved');
INSERT INTO disputes (order_id,shopper_id,seller_id,reason,status) VALUES ('0548aff4-8b80-4035-9524-737454cf8f57','b04e50f8-9f60-4897-b5d7-2aeee7cfb4f5','9e80fdb4-88aa-4a87-adaf-a9cb23282919','Item not received','resolved');
INSERT INTO disputes (order_id,shopper_id,seller_id,reason,status) VALUES ('c693cccf-1f0e-413f-bdfe-8f09a7514a08','5919aa48-f90f-41e2-8820-781df9872d8c','ab95a0d4-23e7-4643-86fb-f67ec1ea7e1c','Counterfeit suspected','under_review');
INSERT INTO disputes (order_id,shopper_id,seller_id,reason,status) VALUES ('6b507e0c-57b3-44bb-9d46-b2fb43795961','e9cbeef7-1536-490b-9edb-967715af55c2','2beaf4c9-4dcc-4e16-97e9-ec8a231a9afb','Item not received','open');
INSERT INTO disputes (order_id,shopper_id,seller_id,reason,status) VALUES ('9548b00e-ff9c-4364-8cc2-85e60041af98','77768d10-fe36-4a36-9b96-184f3f954c99','3e12fc01-7999-4048-80df-6a0086af48eb','Wrong size','resolved');
INSERT INTO disputes (order_id,shopper_id,seller_id,reason,status) VALUES ('52cc37e6-095f-44d7-be0e-f6dc2085d25e','b806130d-eb1a-4225-bc64-4494b215a7ce','b59782da-fd23-4226-8e44-a37d485d26c5','Counterfeit suspected','open');
INSERT INTO disputes (order_id,shopper_id,seller_id,reason,status) VALUES ('aff8e7df-2fe9-46eb-b3a1-85710f36e314','90708a35-a169-4369-94f4-8aa3f4f98278','9e80fdb4-88aa-4a87-adaf-a9cb23282919','Refund denied','open');
INSERT INTO disputes (order_id,shopper_id,seller_id,reason,status) VALUES ('fe20f9b2-003d-46b3-b33c-c2c5afdf0c16','fadddecc-8835-45bc-bd74-7d2b6093a2bd','3e12fc01-7999-4048-80df-6a0086af48eb','Refund denied','rejected');
INSERT INTO disputes (order_id,shopper_id,seller_id,reason,status) VALUES ('e4ac1bd1-b78b-4394-9915-eb8640552e45','da346bbe-af09-4201-8b17-def3c40ed4e2','3e12fc01-7999-4048-80df-6a0086af48eb','Refund denied','under_review');
INSERT INTO refunds (order_id,requested_by,amount,reason,status) VALUES ('0dc2f572-1133-4439-9ece-8b8421fba154','eadb7efa-2769-4502-84ba-91cbcfe91719',254.78,'Not as described','pending');
INSERT INTO refunds (order_id,requested_by,amount,reason,status) VALUES ('5406aa07-447e-455e-b94d-4f449508094a','e9cbeef7-1536-490b-9edb-967715af55c2',291.72,'Item defective','processed');
INSERT INTO refunds (order_id,requested_by,amount,reason,status) VALUES ('b7957e3d-23c4-4499-ac65-124696ed4754','90708a35-a169-4369-94f4-8aa3f4f98278',206.63,'Duplicate order','rejected');
INSERT INTO refunds (order_id,requested_by,amount,reason,status) VALUES ('44dea85d-bfa6-41d1-ba63-17a5901e4536','e9cbeef7-1536-490b-9edb-967715af55c2',389.65,'Changed mind','approved');
INSERT INTO refunds (order_id,requested_by,amount,reason,status) VALUES ('2a1e5152-babb-4e30-82a6-642f46f04531','b04e50f8-9f60-4897-b5d7-2aeee7cfb4f5',30.17,'Late delivery','processed');
INSERT INTO refunds (order_id,requested_by,amount,reason,status) VALUES ('eee79355-a13d-47ab-abb3-914402a0adb9','4d6a4ac3-7a6b-4f80-9c6d-cfb0d1343ca4',105.28,'Item defective','approved');
INSERT INTO refunds (order_id,requested_by,amount,reason,status) VALUES ('b7957e3d-23c4-4499-ac65-124696ed4754','1d58c112-0638-44c8-b5c0-b9d4f9c72dac',272.57,'Not as described','pending');
INSERT INTO refunds (order_id,requested_by,amount,reason,status) VALUES ('683e8383-ea03-4be7-9200-13134042f6c2','7c889b7d-2db9-4b86-9d03-46afee13d5c3',293.57,'Item defective','pending');
INSERT INTO refunds (order_id,requested_by,amount,reason,status) VALUES ('911e4d2b-bd79-40f8-96ad-26c82d8c96bb','134f28f4-1544-4e8b-985e-f0d2d39360dc',395.64,'Changed mind','rejected');
INSERT INTO refunds (order_id,requested_by,amount,reason,status) VALUES ('5264f6cb-d3c2-4fd7-ba09-db0b7cae91dd','b806130d-eb1a-4225-bc64-4494b215a7ce',53.43,'Not as described','rejected');
INSERT INTO refunds (order_id,requested_by,amount,reason,status) VALUES ('2a1e5152-babb-4e30-82a6-642f46f04531','897df18c-90a1-49b1-aee6-624b87e6bd53',323.61,'Changed mind','pending');
INSERT INTO refunds (order_id,requested_by,amount,reason,status) VALUES ('b7957e3d-23c4-4499-ac65-124696ed4754','90708a35-a169-4369-94f4-8aa3f4f98278',342.73,'Item defective','processed');
INSERT INTO refunds (order_id,requested_by,amount,reason,status) VALUES ('d6eff187-ecb2-4cf6-9166-1c3c8febf279','b04e50f8-9f60-4897-b5d7-2aeee7cfb4f5',141.53,'Late delivery','pending');
INSERT INTO refunds (order_id,requested_by,amount,reason,status) VALUES ('c555d58f-1a80-46ce-bf51-13462d7bc373','897df18c-90a1-49b1-aee6-624b87e6bd53',328.76,'Not as described','rejected');
INSERT INTO refunds (order_id,requested_by,amount,reason,status) VALUES ('ba71f950-304b-4e3e-bc5e-113918e3c473','77768d10-fe36-4a36-9b96-184f3f954c99',385.49,'Changed mind','pending');
INSERT INTO payouts (seller_id,amount,status,scheduled_for,notes) VALUES ('27cc7b6b-164e-4cb7-8683-58f2ebba3aee',4019.51,'on_hold', current_date + interval '11 days','Weekly payout');
INSERT INTO payouts (seller_id,amount,status,scheduled_for,notes) VALUES ('b59782da-fd23-4226-8e44-a37d485d26c5',749.31,'scheduled', current_date + interval '12 days','Weekly payout');
INSERT INTO payouts (seller_id,amount,status,scheduled_for,notes) VALUES ('2beaf4c9-4dcc-4e16-97e9-ec8a231a9afb',608.19,'pending', current_date + interval '10 days','Weekly payout');
INSERT INTO payouts (seller_id,amount,status,scheduled_for,notes) VALUES ('27cc7b6b-164e-4cb7-8683-58f2ebba3aee',988.18,'on_hold', current_date + interval '7 days','Weekly payout');
INSERT INTO payouts (seller_id,amount,status,scheduled_for,notes) VALUES ('5d34c408-427a-47e6-ad11-f31448b7af48',4326.62,'processed', current_date + interval '14 days','Weekly payout');
INSERT INTO payouts (seller_id,amount,status,scheduled_for,notes) VALUES ('27cc7b6b-164e-4cb7-8683-58f2ebba3aee',4609.95,'scheduled', current_date + interval '2 days','Weekly payout');
INSERT INTO payouts (seller_id,amount,status,scheduled_for,notes) VALUES ('27cc7b6b-164e-4cb7-8683-58f2ebba3aee',325.26,'on_hold', current_date + interval '5 days','Weekly payout');
INSERT INTO payouts (seller_id,amount,status,scheduled_for,notes) VALUES ('5d34c408-427a-47e6-ad11-f31448b7af48',3552.38,'processed', current_date + interval '11 days','Weekly payout');
INSERT INTO payouts (seller_id,amount,status,scheduled_for,notes) VALUES ('ab95a0d4-23e7-4643-86fb-f67ec1ea7e1c',4891.69,'failed', current_date + interval '11 days','Weekly payout');
INSERT INTO payouts (seller_id,amount,status,scheduled_for,notes) VALUES ('b59782da-fd23-4226-8e44-a37d485d26c5',2220.95,'processed', current_date + interval '12 days','Weekly payout');
INSERT INTO payouts (seller_id,amount,status,scheduled_for,notes) VALUES ('27cc7b6b-164e-4cb7-8683-58f2ebba3aee',1794.17,'scheduled', current_date + interval '11 days','Weekly payout');
INSERT INTO payouts (seller_id,amount,status,scheduled_for,notes) VALUES ('2beaf4c9-4dcc-4e16-97e9-ec8a231a9afb',4211.26,'on_hold', current_date + interval '9 days','Weekly payout');
INSERT INTO payouts (seller_id,amount,status,scheduled_for,notes) VALUES ('5d34c408-427a-47e6-ad11-f31448b7af48',157.06,'failed', current_date + interval '3 days','Weekly payout');
INSERT INTO payouts (seller_id,amount,status,scheduled_for,notes) VALUES ('27cc7b6b-164e-4cb7-8683-58f2ebba3aee',4274.17,'failed', current_date + interval '14 days','Weekly payout');
INSERT INTO payouts (seller_id,amount,status,scheduled_for,notes) VALUES ('b59782da-fd23-4226-8e44-a37d485d26c5',3782.01,'scheduled', current_date + interval '6 days','Weekly payout');
INSERT INTO payouts (seller_id,amount,status,scheduled_for,notes) VALUES ('36f73885-6b52-4004-9b1d-64485f2176d8',4853.71,'scheduled', current_date + interval '1 days','Weekly payout');
INSERT INTO payouts (seller_id,amount,status,scheduled_for,notes) VALUES ('ab95a0d4-23e7-4643-86fb-f67ec1ea7e1c',2797.43,'failed', current_date + interval '7 days','Weekly payout');
INSERT INTO payouts (seller_id,amount,status,scheduled_for,notes) VALUES ('ab95a0d4-23e7-4643-86fb-f67ec1ea7e1c',486.27,'on_hold', current_date + interval '8 days','Weekly payout');
INSERT INTO payouts (seller_id,amount,status,scheduled_for,notes) VALUES ('27cc7b6b-164e-4cb7-8683-58f2ebba3aee',531.3,'failed', current_date + interval '8 days','Weekly payout');
INSERT INTO payouts (seller_id,amount,status,scheduled_for,notes) VALUES ('36f73885-6b52-4004-9b1d-64485f2176d8',681.66,'on_hold', current_date + interval '8 days','Weekly payout');
INSERT INTO payouts (seller_id,amount,status,scheduled_for,notes) VALUES ('b59782da-fd23-4226-8e44-a37d485d26c5',2076.85,'pending', current_date + interval '1 days','Weekly payout');
INSERT INTO payouts (seller_id,amount,status,scheduled_for,notes) VALUES ('5d34c408-427a-47e6-ad11-f31448b7af48',4146.95,'failed', current_date + interval '13 days','Weekly payout');
INSERT INTO payouts (seller_id,amount,status,scheduled_for,notes) VALUES ('3e12fc01-7999-4048-80df-6a0086af48eb',4461.54,'failed', current_date + interval '9 days','Weekly payout');
INSERT INTO payouts (seller_id,amount,status,scheduled_for,notes) VALUES ('27cc7b6b-164e-4cb7-8683-58f2ebba3aee',4756.74,'scheduled', current_date + interval '6 days','Weekly payout');
INSERT INTO payouts (seller_id,amount,status,scheduled_for,notes) VALUES ('ab95a0d4-23e7-4643-86fb-f67ec1ea7e1c',4237.16,'pending', current_date + interval '6 days','Weekly payout');
DO $$ DECLARE admin_uid uuid; BEGIN SELECT user_id INTO admin_uid FROM user_roles WHERE role='super_admin' LIMIT 1;
INSERT INTO audit_log (admin_id,action,entity_type,entity_id,metadata,ip,created_at) VALUES (admin_uid,'payout.process','payout',gen_random_uuid(),'{"note":"automated demo"}'::jsonb,'192.168.1.184', now() - interval '21 days');
INSERT INTO audit_log (admin_id,action,entity_type,entity_id,metadata,ip,created_at) VALUES (admin_uid,'order.cancel','order',gen_random_uuid(),'{"note":"automated demo"}'::jsonb,'192.168.1.184', now() - interval '14 days');
INSERT INTO audit_log (admin_id,action,entity_type,entity_id,metadata,ip,created_at) VALUES (admin_uid,'product.approve','product',gen_random_uuid(),'{"note":"automated demo"}'::jsonb,'192.168.1.25', now() - interval '24 days');
INSERT INTO audit_log (admin_id,action,entity_type,entity_id,metadata,ip,created_at) VALUES (admin_uid,'seller.approve','seller',gen_random_uuid(),'{"note":"automated demo"}'::jsonb,'192.168.1.1', now() - interval '10 days');
INSERT INTO audit_log (admin_id,action,entity_type,entity_id,metadata,ip,created_at) VALUES (admin_uid,'order.cancel','order',gen_random_uuid(),'{"note":"automated demo"}'::jsonb,'192.168.1.213', now() - interval '20 days');
INSERT INTO audit_log (admin_id,action,entity_type,entity_id,metadata,ip,created_at) VALUES (admin_uid,'refund.approve','refund',gen_random_uuid(),'{"note":"automated demo"}'::jsonb,'192.168.1.141', now() - interval '16 days');
INSERT INTO audit_log (admin_id,action,entity_type,entity_id,metadata,ip,created_at) VALUES (admin_uid,'order.cancel','order',gen_random_uuid(),'{"note":"automated demo"}'::jsonb,'192.168.1.180', now() - interval '3 days');
INSERT INTO audit_log (admin_id,action,entity_type,entity_id,metadata,ip,created_at) VALUES (admin_uid,'user.suspend','user',gen_random_uuid(),'{"note":"automated demo"}'::jsonb,'192.168.1.230', now() - interval '5 days');
INSERT INTO audit_log (admin_id,action,entity_type,entity_id,metadata,ip,created_at) VALUES (admin_uid,'payout.process','payout',gen_random_uuid(),'{"note":"automated demo"}'::jsonb,'192.168.1.36', now() - interval '26 days');
INSERT INTO audit_log (admin_id,action,entity_type,entity_id,metadata,ip,created_at) VALUES (admin_uid,'review.remove','review',gen_random_uuid(),'{"note":"automated demo"}'::jsonb,'192.168.1.28', now() - interval '8 days');
INSERT INTO audit_log (admin_id,action,entity_type,entity_id,metadata,ip,created_at) VALUES (admin_uid,'seller.approve','seller',gen_random_uuid(),'{"note":"automated demo"}'::jsonb,'192.168.1.49', now() - interval '3 days');
INSERT INTO audit_log (admin_id,action,entity_type,entity_id,metadata,ip,created_at) VALUES (admin_uid,'review.remove','review',gen_random_uuid(),'{"note":"automated demo"}'::jsonb,'192.168.1.56', now() - interval '14 days');
INSERT INTO audit_log (admin_id,action,entity_type,entity_id,metadata,ip,created_at) VALUES (admin_uid,'seller.approve','seller',gen_random_uuid(),'{"note":"automated demo"}'::jsonb,'192.168.1.184', now() - interval '10 days');
INSERT INTO audit_log (admin_id,action,entity_type,entity_id,metadata,ip,created_at) VALUES (admin_uid,'product.approve','product',gen_random_uuid(),'{"note":"automated demo"}'::jsonb,'192.168.1.194', now() - interval '13 days');
INSERT INTO audit_log (admin_id,action,entity_type,entity_id,metadata,ip,created_at) VALUES (admin_uid,'user.suspend','user',gen_random_uuid(),'{"note":"automated demo"}'::jsonb,'192.168.1.238', now() - interval '20 days');
INSERT INTO audit_log (admin_id,action,entity_type,entity_id,metadata,ip,created_at) VALUES (admin_uid,'product.approve','product',gen_random_uuid(),'{"note":"automated demo"}'::jsonb,'192.168.1.198', now() - interval '28 days');
INSERT INTO audit_log (admin_id,action,entity_type,entity_id,metadata,ip,created_at) VALUES (admin_uid,'payout.process','payout',gen_random_uuid(),'{"note":"automated demo"}'::jsonb,'192.168.1.118', now() - interval '21 days');
INSERT INTO audit_log (admin_id,action,entity_type,entity_id,metadata,ip,created_at) VALUES (admin_uid,'product.reject','product',gen_random_uuid(),'{"note":"automated demo"}'::jsonb,'192.168.1.247', now() - interval '15 days');
INSERT INTO audit_log (admin_id,action,entity_type,entity_id,metadata,ip,created_at) VALUES (admin_uid,'user.suspend','user',gen_random_uuid(),'{"note":"automated demo"}'::jsonb,'192.168.1.136', now() - interval '23 days');
INSERT INTO audit_log (admin_id,action,entity_type,entity_id,metadata,ip,created_at) VALUES (admin_uid,'user.suspend','user',gen_random_uuid(),'{"note":"automated demo"}'::jsonb,'192.168.1.142', now() - interval '29 days');
INSERT INTO audit_log (admin_id,action,entity_type,entity_id,metadata,ip,created_at) VALUES (admin_uid,'review.remove','review',gen_random_uuid(),'{"note":"automated demo"}'::jsonb,'192.168.1.215', now() - interval '18 days');
INSERT INTO audit_log (admin_id,action,entity_type,entity_id,metadata,ip,created_at) VALUES (admin_uid,'payout.process','payout',gen_random_uuid(),'{"note":"automated demo"}'::jsonb,'192.168.1.237', now() - interval '16 days');
INSERT INTO audit_log (admin_id,action,entity_type,entity_id,metadata,ip,created_at) VALUES (admin_uid,'product.reject','product',gen_random_uuid(),'{"note":"automated demo"}'::jsonb,'192.168.1.178', now() - interval '18 days');
INSERT INTO audit_log (admin_id,action,entity_type,entity_id,metadata,ip,created_at) VALUES (admin_uid,'product.reject','product',gen_random_uuid(),'{"note":"automated demo"}'::jsonb,'192.168.1.188', now() - interval '26 days');
INSERT INTO audit_log (admin_id,action,entity_type,entity_id,metadata,ip,created_at) VALUES (admin_uid,'product.reject','product',gen_random_uuid(),'{"note":"automated demo"}'::jsonb,'192.168.1.27', now() - interval '12 days');
INSERT INTO audit_log (admin_id,action,entity_type,entity_id,metadata,ip,created_at) VALUES (admin_uid,'order.cancel','order',gen_random_uuid(),'{"note":"automated demo"}'::jsonb,'192.168.1.130', now() - interval '28 days');
INSERT INTO audit_log (admin_id,action,entity_type,entity_id,metadata,ip,created_at) VALUES (admin_uid,'review.remove','review',gen_random_uuid(),'{"note":"automated demo"}'::jsonb,'192.168.1.108', now() - interval '19 days');
INSERT INTO audit_log (admin_id,action,entity_type,entity_id,metadata,ip,created_at) VALUES (admin_uid,'seller.approve','seller',gen_random_uuid(),'{"note":"automated demo"}'::jsonb,'192.168.1.71', now() - interval '12 days');
INSERT INTO audit_log (admin_id,action,entity_type,entity_id,metadata,ip,created_at) VALUES (admin_uid,'order.cancel','order',gen_random_uuid(),'{"note":"automated demo"}'::jsonb,'192.168.1.249', now() - interval '9 days');
INSERT INTO audit_log (admin_id,action,entity_type,entity_id,metadata,ip,created_at) VALUES (admin_uid,'payout.process','payout',gen_random_uuid(),'{"note":"automated demo"}'::jsonb,'192.168.1.207', now() - interval '4 days');
END $$;